split,src,stimulus,MOS,ci
Test,p01,p01_geocnn_r01,1.079650616,0.150916191
Test,p01,p01_geocnn_r02,1.057185451,0.074600076
Test,p01,p01_geocnn_r03,3.759313116,0.252761321
Test,p01,p01_geocnn_r04,3.754941272,0.247020501
Test,p01,p01_gpcc-octree-predlift_r02,2.10577713,0.211778689
Test,p01,p01_gpcc-octree-predlift_r03,3.361438653,0.201962057
Test,p01,p01_gpcc-octree-predlift_r04,3.764877812,0.197177927
Test,p01,p01_gpcc-octree-predlift_r05,4.253538797,0.191047503
Test,p01,p01_gpcc-octree-predlift_r06,4.267853103,0.178414424
Test,p01,p01_gpcc-octree-raht_r02,1.640837245,0.164772768
Test,p01,p01_gpcc-octree-raht_r03,3.127493275,0.186652753
Test,p01,p01_gpcc-octree-raht_r04,3.848859276,0.19239355
Test,p01,p01_gpcc-octree-raht_r05,4.600221832,0.155339795
Test,p01,p01_gpcc-octree-raht_r06,4.541709218,0.133849084
Test,p01,p01_vpcc_r00,2.106820791,0.218381246
Test,p01,p01_vpcc_r01,2.789528824,0.218574305
Test,p01,p01_vpcc_r02,3.054361367,0.217047188
Test,p01,p01_vpcc_r03,3.138312381,0.195548232
Test,p01,p01_vpcc_r04,3.388373001,0.198541137
Test,p01,p01_vpcc_r05,3.945140631,0.175287058
Validation,p02,p02_geocnn_r01,1.965844382,0.233795968
Validation,p02,p02_geocnn_r02,3.211647192,0.178401047
Validation,p02,p02_geocnn_r03,3.26541245,0.188473628
Validation,p02,p02_geocnn_r04,3.419199486,0.180567733
Validation,p02,p02_gpcc-octree-predlift_r02,1.362266575,0.136708629
Validation,p02,p02_gpcc-octree-predlift_r03,2.345566281,0.188377006
Validation,p02,p02_gpcc-octree-predlift_r04,3.970275047,0.15662987
Validation,p02,p02_gpcc-octree-predlift_r05,4.230449152,0.147419399
Validation,p02,p02_gpcc-octree-predlift_r06,4.469620757,0.128642376
Validation,p02,p02_gpcc-octree-raht_r02,1.217866914,0.165555632
Validation,p02,p02_gpcc-octree-raht_r03,2.015791978,0.164020541
Validation,p02,p02_gpcc-octree-raht_r04,3.488314819,0.175789096
Validation,p02,p02_gpcc-octree-raht_r05,4.093309243,0.156453273
Validation,p02,p02_gpcc-octree-raht_r06,4.331084171,0.134140357
Validation,p02,p02_vpcc_r00,1.609645248,0.178526588
Validation,p02,p02_vpcc_r01,2.167550799,0.15866125
Validation,p02,p02_vpcc_r02,3.093927394,0.153334494
Validation,p02,p02_vpcc_r03,3.487489458,0.166156066
Validation,p02,p02_vpcc_r04,3.485205725,0.153242295
Validation,p02,p02_vpcc_r05,3.974665036,0.141380624
Training,p03,p03_geocnn_r01,2.494971006,0.222152286
Training,p03,p03_geocnn_r02,2.984772688,0.192221705
Training,p03,p03_geocnn_r03,3.648791077,0.167214793
Training,p03,p03_geocnn_r04,3.372937088,0.185535314
Training,p03,p03_gpcc-octree-predlift_r02,1.441520894,0.170171692
Training,p03,p03_gpcc-octree-predlift_r03,3.070750499,0.219462968
Training,p03,p03_gpcc-octree-predlift_r04,4.072438741,0.148035053
Training,p03,p03_gpcc-octree-predlift_r05,3.990986114,0.161033591
Training,p03,p03_gpcc-octree-predlift_r06,4.314907765,0.156238423
Training,p03,p03_gpcc-octree-raht_r02,1.489301506,0.136264439
Training,p03,p03_gpcc-octree-raht_r03,2.917084131,0.183622101
Training,p03,p03_gpcc-octree-raht_r04,3.835404797,0.139941457
Training,p03,p03_gpcc-octree-raht_r05,4.295872353,0.194950175
Training,p03,p03_gpcc-octree-raht_r06,4.510437144,0.125171011
Training,p03,p03_vpcc_r00,2.119991233,0.178310461
Training,p03,p03_vpcc_r01,2.941540814,0.178270684
Training,p03,p03_vpcc_r02,2.947343613,0.193676467
Training,p03,p03_vpcc_r03,3.552730908,0.17303357
Training,p03,p03_vpcc_r04,3.572730463,0.15712335
Training,p03,p03_vpcc_r05,3.798203654,0.155125539
Validation,p04,p04_geocnn_r01,4.251724154,0.158662736
Validation,p04,p04_geocnn_r02,4.280860612,0.195051002
Validation,p04,p04_geocnn_r03,4.573453185,0.103190333
Validation,p04,p04_geocnn_r04,4.198448997,0.149163383
Validation,p04,p04_gpcc-octree-predlift_r02,1.654943262,0.198135027
Validation,p04,p04_gpcc-octree-predlift_r03,3.560143642,0.1479252
Validation,p04,p04_gpcc-octree-predlift_r04,3.943337515,0.178703423
Validation,p04,p04_gpcc-octree-predlift_r05,4.493860503,0.128098881
Validation,p04,p04_gpcc-octree-predlift_r06,4.605964249,0.145397279
Validation,p04,p04_gpcc-octree-raht_r02,1.246800485,0.12351333
Validation,p04,p04_gpcc-octree-raht_r03,3.218501963,0.207114843
Validation,p04,p04_gpcc-octree-raht_r04,4.137873656,0.145064059
Validation,p04,p04_gpcc-octree-raht_r05,4.570503837,0.124792994
Validation,p04,p04_gpcc-octree-raht_r06,4.42170779,0.161156019
Validation,p04,p04_vpcc_r00,1.78564099,0.185040495
Validation,p04,p04_vpcc_r01,2.575352327,0.194105434
Validation,p04,p04_vpcc_r02,3.782959251,0.160538145
Validation,p04,p04_vpcc_r03,4.252626171,0.143882787
Validation,p04,p04_vpcc_r04,4.654528969,0.112449121
Validation,p04,p04_vpcc_r05,4.752876209,0.108268494
Test,p05,p05_geocnn_r01,1.824295578,0.171698687
Test,p05,p05_geocnn_r02,2.699776641,0.20289578
Test,p05,p05_geocnn_r03,3.286476199,0.216487437
Test,p05,p05_geocnn_r04,3.000590654,0.185144013
Test,p05,p05_gpcc-octree-predlift_r02,1.468168702,0.174669351
Test,p05,p05_gpcc-octree-predlift_r03,2.936357398,0.152649171
Test,p05,p05_gpcc-octree-predlift_r04,3.526917089,0.157348483
Test,p05,p05_gpcc-octree-predlift_r05,3.941627292,0.161287586
Test,p05,p05_gpcc-octree-predlift_r06,4.185825236,0.149778579
Test,p05,p05_gpcc-octree-raht_r02,1.337513808,0.156353678
Test,p05,p05_gpcc-octree-raht_r03,2.537219445,0.155728153
Test,p05,p05_gpcc-octree-raht_r04,3.32377992,0.15999099
Test,p05,p05_gpcc-octree-raht_r05,3.965411157,0.150109881
Test,p05,p05_gpcc-octree-raht_r06,4.229402555,0.143687074
Test,p05,p05_vpcc_r00,1.941959996,0.202623554
Test,p05,p05_vpcc_r01,2.62508473,0.172804906
Test,p05,p05_vpcc_r02,2.907098425,0.163770918
Test,p05,p05_vpcc_r03,3.379222859,0.164181573
Test,p05,p05_vpcc_r04,3.39391684,0.149117687
Test,p05,p05_vpcc_r05,3.703262717,0.167559738
Training,p06,p06_geocnn_r01,2.384325762,0.201220002
Training,p06,p06_geocnn_r02,3.879698817,0.180866888
Training,p06,p06_geocnn_r03,4.097189166,0.171946847
Training,p06,p06_geocnn_r04,4.376373477,0.118871752
Training,p06,p06_gpcc-octree-predlift_r02,1.712150219,0.220723839
Training,p06,p06_gpcc-octree-predlift_r03,2.852359723,0.189346679
Training,p06,p06_gpcc-octree-predlift_r04,3.725223464,0.140222889
Training,p06,p06_gpcc-octree-predlift_r05,4.24186257,0.135864585
Training,p06,p06_gpcc-octree-predlift_r06,4.480804488,0.111080198
Training,p06,p06_gpcc-octree-raht_r02,1.749148663,0.198665833
Training,p06,p06_gpcc-octree-raht_r03,2.430517939,0.183206492
Training,p06,p06_gpcc-octree-raht_r04,3.37367289,0.172644291
Training,p06,p06_gpcc-octree-raht_r05,3.917336336,0.146431751
Training,p06,p06_gpcc-octree-raht_r06,4.287034287,0.148813834
Training,p06,p06_vpcc_r00,2.348410981,0.161974682
Training,p06,p06_vpcc_r01,2.745768291,0.183247188
Training,p06,p06_vpcc_r02,3.084227714,0.144551337
Training,p06,p06_vpcc_r03,3.214316529,0.156681866
Training,p06,p06_vpcc_r04,3.646175581,0.14013881
Training,p06,p06_vpcc_r05,3.98734891,0.111445492
Test,p07,p07_geocnn_r01,2.690543988,0.216440397
Test,p07,p07_geocnn_r02,3.239723119,0.167864358
Test,p07,p07_geocnn_r03,4.100585412,0.164015904
Test,p07,p07_geocnn_r04,4.062528369,0.16831393
Test,p07,p07_gpcc-octree-predlift_r02,1.401941613,0.165091237
Test,p07,p07_gpcc-octree-predlift_r03,2.664384082,0.186343187
Test,p07,p07_gpcc-octree-predlift_r04,3.73758783,0.159145998
Test,p07,p07_gpcc-octree-predlift_r05,4.220238452,0.135701422
Test,p07,p07_gpcc-octree-predlift_r06,4.607404622,0.139080204
Test,p07,p07_gpcc-octree-raht_r02,1.245858544,0.142959664
Test,p07,p07_gpcc-octree-raht_r03,2.336955342,0.181740729
Test,p07,p07_gpcc-octree-raht_r04,3.214282756,0.148446839
Test,p07,p07_gpcc-octree-raht_r05,4.318583015,0.136367441
Test,p07,p07_gpcc-octree-raht_r06,4.477436808,0.128225242
Test,p07,p07_vpcc_r00,1.694025541,0.167156984
Test,p07,p07_vpcc_r01,2.043938726,0.192162355
Test,p07,p07_vpcc_r02,2.767239517,0.167290904
Test,p07,p07_vpcc_r03,2.81291795,0.187855893
Test,p07,p07_vpcc_r04,3.426279779,0.126115517
Test,p07,p07_vpcc_r05,3.741378541,0.148269948
Training,p08,p08_geocnn_r01,2.429087545,0.184275938
Training,p08,p08_geocnn_r02,3.735764754,0.178163251
Training,p08,p08_geocnn_r03,4.1367413,0.227293576
Training,p08,p08_geocnn_r04,4.104904483,0.175929756
Training,p08,p08_gpcc-octree-predlift_r02,1.614949602,0.163672086
Training,p08,p08_gpcc-octree-predlift_r03,2.956578653,0.180830529
Training,p08,p08_gpcc-octree-predlift_r04,3.732212392,0.189887704
Training,p08,p08_gpcc-octree-predlift_r05,4.310254988,0.184597155
Training,p08,p08_gpcc-octree-predlift_r06,4.391323219,0.13856607
Training,p08,p08_gpcc-octree-raht_r02,1.267809571,0.140239764
Training,p08,p08_gpcc-octree-raht_r03,2.604661488,0.162881873
Training,p08,p08_gpcc-octree-raht_r04,3.239282824,0.191631537
Training,p08,p08_gpcc-octree-raht_r05,4.124334682,0.159097565
Training,p08,p08_gpcc-octree-raht_r06,4.431288022,0.217053691
Training,p08,p08_vpcc_r00,1.789625175,0.188176453
Training,p08,p08_vpcc_r01,2.602180168,0.182463736
Training,p08,p08_vpcc_r02,3.172447138,0.197379203
Training,p08,p08_vpcc_r03,3.426271716,0.194157875
Training,p08,p08_vpcc_r04,3.368283843,0.17230182
Training,p08,p08_vpcc_r05,3.856686918,0.141730716
Training,p09,p09_geocnn_r01,2.029279045,0.175203641
Training,p09,p09_geocnn_r02,3.358737123,0.219185708
Training,p09,p09_geocnn_r03,3.986305935,0.165580935
Training,p09,p09_geocnn_r04,3.430914241,0.172454296
Training,p09,p09_gpcc-octree-predlift_r02,1.401000599,0.151075662
Training,p09,p09_gpcc-octree-predlift_r03,2.444660481,0.188288902
Training,p09,p09_gpcc-octree-predlift_r04,3.863616255,0.149227226
Training,p09,p09_gpcc-octree-predlift_r05,4.387176025,0.145876828
Training,p09,p09_gpcc-octree-predlift_r06,4.449430409,0.113608215
Training,p09,p09_gpcc-octree-raht_r02,1.142261459,0.160756303
Training,p09,p09_gpcc-octree-raht_r03,2.247466686,0.179132444
Training,p09,p09_gpcc-octree-raht_r04,3.750752886,0.175382766
Training,p09,p09_gpcc-octree-raht_r05,4.363485841,0.137861795
Training,p09,p09_gpcc-octree-raht_r06,4.597731404,0.11612744
Training,p09,p09_vpcc_r00,1.625237576,0.146820474
Training,p09,p09_vpcc_r01,2.280851516,0.158527148
Training,p09,p09_vpcc_r02,2.529170141,0.15540084
Training,p09,p09_vpcc_r03,2.772501702,0.190577693
Training,p09,p09_vpcc_r04,3.520804745,0.148955345
Training,p09,p09_vpcc_r05,3.375537066,0.169586406
Training,p10,p10_geocnn_r01,2.741973317,0.19373925
Training,p10,p10_geocnn_r02,3.687188368,0.192012822
Training,p10,p10_geocnn_r03,3.952811549,0.201109582
Training,p10,p10_geocnn_r04,4.007884046,0.144905175
Training,p10,p10_gpcc-octree-predlift_r02,1.68182911,0.137848977
Training,p10,p10_gpcc-octree-predlift_r03,3.276278475,0.170162531
Training,p10,p10_gpcc-octree-predlift_r04,4.089330433,0.15948254
Training,p10,p10_gpcc-octree-predlift_r05,4.429640202,0.15446869
Training,p10,p10_gpcc-octree-predlift_r06,4.490733055,0.109719328
Training,p10,p10_gpcc-octree-raht_r02,1.673145022,0.212520917
Training,p10,p10_gpcc-octree-raht_r03,2.684987908,0.206879506
Training,p10,p10_gpcc-octree-raht_r04,3.951900556,0.18252025
Training,p10,p10_gpcc-octree-raht_r05,4.277341627,0.178435899
Training,p10,p10_gpcc-octree-raht_r06,4.463327317,0.114397477
Training,p10,p10_vpcc_r00,2.155001879,0.18799202
Training,p10,p10_vpcc_r01,2.686806095,0.19518446
Training,p10,p10_vpcc_r02,2.971406972,0.155319633
Training,p10,p10_vpcc_r03,3.337996488,0.189992145
Training,p10,p10_vpcc_r04,3.906752786,0.158749126
Training,p10,p10_vpcc_r05,3.627788851,0.163359284
Training,p11,p11_geocnn_r01,3.88200433,0.154314989
Training,p11,p11_geocnn_r02,4.537771165,0.107275555
Training,p11,p11_geocnn_r03,4.504031983,0.127399741
Training,p11,p11_geocnn_r04,4.572834115,0.127310986
Training,p11,p11_gpcc-octree-predlift_r02,1.070866284,0.110547969
Training,p11,p11_gpcc-octree-predlift_r03,2.554534638,0.176062317
Training,p11,p11_gpcc-octree-predlift_r04,3.827356888,0.15354051
Training,p11,p11_gpcc-octree-predlift_r05,4.362759031,0.11284561
Training,p11,p11_gpcc-octree-predlift_r06,4.622727406,0.117036551
Training,p11,p11_gpcc-octree-raht_r02,1.016054407,0.198183979
Training,p11,p11_gpcc-octree-raht_r03,2.337383266,0.17990813
Training,p11,p11_gpcc-octree-raht_r04,3.479571814,0.126664793
Training,p11,p11_gpcc-octree-raht_r05,4.12015804,0.164679638
Training,p11,p11_gpcc-octree-raht_r06,4.643584519,0.097109936
Training,p11,p11_vpcc_r00,1.345042904,0.172433349
Training,p11,p11_vpcc_r01,2.353175845,0.163651941
Training,p11,p11_vpcc_r02,3.004930275,0.152936212
Training,p11,p11_vpcc_r03,3.948607401,0.121471845
Training,p11,p11_vpcc_r04,4.511691748,0.108563284
Training,p11,p11_vpcc_r05,4.749850785,0.091168898
Test,p12,p12_geocnn_r01,4.004743764,0.155681209
Test,p12,p12_geocnn_r02,4.508023762,0.106110238
Test,p12,p12_geocnn_r03,4.683268972,0.085534237
Test,p12,p12_geocnn_r04,4.584501777,0.104182285
Test,p12,p12_gpcc-octree-predlift_r02,1.12023301,0.181201661
Test,p12,p12_gpcc-octree-predlift_r03,2.60103778,0.164485799
Test,p12,p12_gpcc-octree-predlift_r04,4.376467069,0.127008706
Test,p12,p12_gpcc-octree-predlift_r05,4.374841898,0.12438564
Test,p12,p12_gpcc-octree-predlift_r06,4.560960805,0.133615355
Test,p12,p12_gpcc-octree-raht_r02,1.073013545,0.114095326
Test,p12,p12_gpcc-octree-raht_r03,2.384475294,0.164050996
Test,p12,p12_gpcc-octree-raht_r04,4.166650611,0.127519527
Test,p12,p12_gpcc-octree-raht_r05,4.324023611,0.144545199
Test,p12,p12_gpcc-octree-raht_r06,4.653177178,0.127136317
Test,p12,p12_vpcc_r00,1.538794575,0.17679691
Test,p12,p12_vpcc_r01,2.529579896,0.161130843
Test,p12,p12_vpcc_r02,3.634924067,0.170095382
Test,p12,p12_vpcc_r03,4.2143288,0.143648872
Test,p12,p12_vpcc_r04,4.675421878,0.110321026
Test,p12,p12_vpcc_r05,4.577799137,0.124592822
Training,p13,p13_geocnn_r01,4.397285973,0.157479152
Training,p13,p13_geocnn_r02,4.749222043,0.086485218
Training,p13,p13_geocnn_r03,4.52930976,0.152970431
Training,p13,p13_geocnn_r04,4.760916783,0.110340259
Training,p13,p13_gpcc-octree-predlift_r02,1.169041892,0.122260244
Training,p13,p13_gpcc-octree-predlift_r03,2.793494279,0.137868586
Training,p13,p13_gpcc-octree-predlift_r04,4.135520299,0.152146069
Training,p13,p13_gpcc-octree-predlift_r05,4.385423323,0.165485054
Training,p13,p13_gpcc-octree-predlift_r06,4.700205396,0.116077427
Training,p13,p13_gpcc-octree-raht_r02,1.189886341,0.16451263
Training,p13,p13_gpcc-octree-raht_r03,2.047754439,0.148174628
Training,p13,p13_gpcc-octree-raht_r04,3.733995808,0.156735754
Training,p13,p13_gpcc-octree-raht_r05,4.321068329,0.175770798
Training,p13,p13_gpcc-octree-raht_r06,4.668912938,0.113293454
Training,p13,p13_vpcc_r00,2.086822812,0.170856694
Training,p13,p13_vpcc_r01,2.670653304,0.173653103
Training,p13,p13_vpcc_r02,3.609993966,0.182166985
Training,p13,p13_vpcc_r03,4.14788763,0.182364382
Training,p13,p13_vpcc_r04,4.580640163,0.130958967
Training,p13,p13_vpcc_r05,4.712939572,0.093177868
Training,p14,p14_geocnn_r01,3.99564186,0.140898954
Training,p14,p14_geocnn_r02,4.337330008,0.132584247
Training,p14,p14_geocnn_r03,4.310728641,0.124419422
Training,p14,p14_geocnn_r04,4.721048267,0.125503503
Training,p14,p14_gpcc-octree-predlift_r02,1.584797152,0.170103196
Training,p14,p14_gpcc-octree-predlift_r03,2.732650656,0.15348685
Training,p14,p14_gpcc-octree-predlift_r04,4.270138757,0.144022366
Training,p14,p14_gpcc-octree-predlift_r05,4.43985921,0.128127844
Training,p14,p14_gpcc-octree-predlift_r06,4.707596131,0.099953453
Training,p14,p14_gpcc-octree-raht_r02,1.069515614,0.115702337
Training,p14,p14_gpcc-octree-raht_r03,2.237668987,0.154524898
Training,p14,p14_gpcc-octree-raht_r04,4.026194984,0.155222913
Training,p14,p14_gpcc-octree-raht_r05,4.423296956,0.12283976
Training,p14,p14_gpcc-octree-raht_r06,4.628177778,0.117874446
Training,p14,p14_vpcc_r00,1.905396137,0.177399959
Training,p14,p14_vpcc_r01,2.925509267,0.17169807
Training,p14,p14_vpcc_r02,4.074741931,0.153579052
Training,p14,p14_vpcc_r03,4.496460765,0.133745672
Training,p14,p14_vpcc_r04,4.587799339,0.111870426
Training,p14,p14_vpcc_r05,4.666712553,0.12705732
Training,p15,p15_geocnn_r01,3.802830182,0.158441052
Training,p15,p15_geocnn_r02,4.234789546,0.155067638
Training,p15,p15_geocnn_r03,4.392337298,0.128933275
Training,p15,p15_geocnn_r04,4.741608558,0.126595543
Training,p15,p15_gpcc-octree-predlift_r02,1.156445885,0.111224641
Training,p15,p15_gpcc-octree-predlift_r03,2.665226549,0.167386074
Training,p15,p15_gpcc-octree-predlift_r04,3.754185506,0.139857261
Training,p15,p15_gpcc-octree-predlift_r05,4.140685274,0.137947604
Training,p15,p15_gpcc-octree-predlift_r06,4.366881467,0.127199008
Training,p15,p15_gpcc-octree-raht_r02,1.068003615,0.068884937
Training,p15,p15_gpcc-octree-raht_r03,1.984553407,0.1491284
Training,p15,p15_gpcc-octree-raht_r04,3.789858429,0.149172654
Training,p15,p15_gpcc-octree-raht_r05,4.25115864,0.123894352
Training,p15,p15_gpcc-octree-raht_r06,4.370478464,0.144529788
Training,p15,p15_vpcc_r00,1.698180704,0.168150448
Training,p15,p15_vpcc_r01,2.520133106,0.153226546
Training,p15,p15_vpcc_r02,3.37380684,0.152882265
Training,p15,p15_vpcc_r03,3.938183521,0.106650703
Training,p15,p15_vpcc_r04,4.509965038,0.120354815
Training,p15,p15_vpcc_r05,4.510948759,0.11482702
Validation,p16,p16_geocnn_r01,3.552647301,0.189157977
Validation,p16,p16_geocnn_r02,4.212292379,0.140181124
Validation,p16,p16_geocnn_r03,4.521001686,0.136844414
Validation,p16,p16_geocnn_r04,4.743963609,0.085018757
Validation,p16,p16_gpcc-octree-predlift_r02,1.27869442,0.116082104
Validation,p16,p16_gpcc-octree-predlift_r03,2.433873287,0.164773346
Validation,p16,p16_gpcc-octree-predlift_r04,3.66608148,0.147746777
Validation,p16,p16_gpcc-octree-predlift_r05,4.365441735,0.131726326
Validation,p16,p16_gpcc-octree-predlift_r06,4.431473303,0.155898917
Validation,p16,p16_gpcc-octree-raht_r02,1.195388085,0.101524183
Validation,p16,p16_gpcc-octree-raht_r03,2.246403739,0.182671631
Validation,p16,p16_gpcc-octree-raht_r04,3.544566745,0.143730888
Validation,p16,p16_gpcc-octree-raht_r05,4.161042373,0.150556726
Validation,p16,p16_gpcc-octree-raht_r06,4.368667629,0.151821608
Validation,p16,p16_vpcc_r00,1.937142161,0.173419509
Validation,p16,p16_vpcc_r01,2.681927786,0.198180386
Validation,p16,p16_vpcc_r02,3.178123462,0.120636009
Validation,p16,p16_vpcc_r03,3.870856813,0.131846792
Validation,p16,p16_vpcc_r04,4.373700543,0.148657681
Validation,p16,p16_vpcc_r05,4.625763547,0.117965818
Validation,p17,p17_geocnn_r01,3.661395304,0.162388732
Validation,p17,p17_geocnn_r02,3.950030388,0.150094349
Validation,p17,p17_geocnn_r03,4.11852455,0.13832701
Validation,p17,p17_geocnn_r04,4.737644396,0.094321346
Validation,p17,p17_gpcc-octree-predlift_r02,1.190927175,0.111520089
Validation,p17,p17_gpcc-octree-predlift_r03,2.460974677,0.172617244
Validation,p17,p17_gpcc-octree-predlift_r04,3.718113426,0.15837293
Validation,p17,p17_gpcc-octree-predlift_r05,4.264385222,0.122433818
Validation,p17,p17_gpcc-octree-predlift_r06,4.572005771,0.118579477
Validation,p17,p17_gpcc-octree-raht_r02,1.039336585,0.09012664
Validation,p17,p17_gpcc-octree-raht_r03,2.014437359,0.171252763
Validation,p17,p17_gpcc-octree-raht_r04,3.252036909,0.177853
Validation,p17,p17_gpcc-octree-raht_r05,4.1988695,0.152092749
Validation,p17,p17_gpcc-octree-raht_r06,4.501220589,0.12525491
Validation,p17,p17_vpcc_r00,1.353734422,0.148228941
Validation,p17,p17_vpcc_r01,2.255687513,0.162712149
Validation,p17,p17_vpcc_r02,3.066268539,0.187635267
Validation,p17,p17_vpcc_r03,3.682521254,0.13594488
Validation,p17,p17_vpcc_r04,4.258422947,0.156248414
Validation,p17,p17_vpcc_r05,4.603250231,0.10634353
Validation,p18,p18_geocnn_r01,3.836707208,0.161514405
Validation,p18,p18_geocnn_r02,3.974905933,0.168028719
Validation,p18,p18_geocnn_r03,4.504401097,0.098541464
Validation,p18,p18_geocnn_r04,4.491485763,0.133889315
Validation,p18,p18_gpcc-octree-predlift_r02,1.345530792,0.139434382
Validation,p18,p18_gpcc-octree-predlift_r03,3.188122285,0.149662305
Validation,p18,p18_gpcc-octree-predlift_r04,4.361911799,0.145117537
Validation,p18,p18_gpcc-octree-predlift_r05,4.432571439,0.109141862
Validation,p18,p18_gpcc-octree-predlift_r06,4.722847711,0.112414377
Validation,p18,p18_gpcc-octree-raht_r02,1.125865377,0.104057872
Validation,p18,p18_gpcc-octree-raht_r03,2.771285447,0.201054918
Validation,p18,p18_gpcc-octree-raht_r04,3.92759366,0.14797396
Validation,p18,p18_gpcc-octree-raht_r05,4.488007211,0.112451379
Validation,p18,p18_gpcc-octree-raht_r06,4.437161822,0.159469639
Validation,p18,p18_vpcc_r00,2.450139389,0.166513237
Validation,p18,p18_vpcc_r01,3.395642867,0.195301553
Validation,p18,p18_vpcc_r02,3.8587383,0.162603604
Validation,p18,p18_vpcc_r03,4.672485879,0.119433874
Validation,p18,p18_vpcc_r04,4.726639719,0.10351626
Validation,p18,p18_vpcc_r05,4.660942587,0.121844659
Test,p19,p19_geocnn_r01,4.500172289,0.129266419
Test,p19,p19_geocnn_r02,4.768703155,0.094286977
Test,p19,p19_geocnn_r03,4.765387763,0.092404776
Test,p19,p19_geocnn_r04,4.756210344,0.076868245
Test,p19,p19_gpcc-octree-predlift_r02,1.55720854,0.173483824
Test,p19,p19_gpcc-octree-predlift_r03,3.259934112,0.159651991
Test,p19,p19_gpcc-octree-predlift_r04,4.702748772,0.095181958
Test,p19,p19_gpcc-octree-predlift_r05,4.7671284,0.083855208
Test,p19,p19_gpcc-octree-predlift_r06,4.774380397,0.105237359
Test,p19,p19_gpcc-octree-raht_r02,1.450345998,0.174513294
Test,p19,p19_gpcc-octree-raht_r03,2.843957503,0.175310983
Test,p19,p19_gpcc-octree-raht_r04,4.407436192,0.168476702
Test,p19,p19_gpcc-octree-raht_r05,4.685190766,0.105999469
Test,p19,p19_gpcc-octree-raht_r06,4.834236123,0.087740633
Test,p19,p19_vpcc_r00,1.766439047,0.160328882
Test,p19,p19_vpcc_r01,2.461122742,0.214929295
Test,p19,p19_vpcc_r02,3.877446044,0.179071663
Test,p19,p19_vpcc_r03,4.530490415,0.122787877
Test,p19,p19_vpcc_r04,4.821499311,0.087990107
Test,p19,p19_vpcc_r05,4.746732117,0.087764487
Training,p20,p20_geocnn_r01,3.788032841,0.143003713
Training,p20,p20_geocnn_r02,4.284703593,0.119621394
Training,p20,p20_geocnn_r03,4.434833028,0.135854428
Training,p20,p20_geocnn_r04,4.525419998,0.16352601
Training,p20,p20_gpcc-octree-predlift_r02,1.643533265,0.152885174
Training,p20,p20_gpcc-octree-predlift_r03,2.523025726,0.161959358
Training,p20,p20_gpcc-octree-predlift_r04,3.928207194,0.126684388
Training,p20,p20_gpcc-octree-predlift_r05,4.517857821,0.131575932
Training,p20,p20_gpcc-octree-predlift_r06,4.607569602,0.119786521
Training,p20,p20_gpcc-octree-raht_r02,1.401573282,0.128854361
Training,p20,p20_gpcc-octree-raht_r03,2.570518911,0.190936884
Training,p20,p20_gpcc-octree-raht_r04,3.792747786,0.124924722
Training,p20,p20_gpcc-octree-raht_r05,4.388009535,0.118053127
Training,p20,p20_gpcc-octree-raht_r06,4.643334905,0.149563207
Training,p20,p20_vpcc_r00,2.09774313,0.165441467
Training,p20,p20_vpcc_r01,2.335826909,0.199104647
Training,p20,p20_vpcc_r02,3.027331744,0.153145608
Training,p20,p20_vpcc_r03,3.610711079,0.181780769
Training,p20,p20_vpcc_r04,4.108881408,0.146154993
Training,p20,p20_vpcc_r05,4.635942175,0.127169329
Training,p21,p21_geocnn_r01,3.946688025,0.148123102
Training,p21,p21_geocnn_r02,4.373589429,0.125335778
Training,p21,p21_geocnn_r03,4.449977026,0.118767483
Training,p21,p21_geocnn_r04,4.80727069,0.106962365
Training,p21,p21_gpcc-octree-predlift_r02,1.759401582,0.179748155
Training,p21,p21_gpcc-octree-predlift_r03,2.840334544,0.147664589
Training,p21,p21_gpcc-octree-predlift_r04,4.298433275,0.12969897
Training,p21,p21_gpcc-octree-predlift_r05,4.605269689,0.110650757
Training,p21,p21_gpcc-octree-predlift_r06,4.743918961,0.116787603
Training,p21,p21_gpcc-octree-raht_r02,1.663663183,0.179703721
Training,p21,p21_gpcc-octree-raht_r03,3.048362007,0.151180206
Training,p21,p21_gpcc-octree-raht_r04,3.963536046,0.141068454
Training,p21,p21_gpcc-octree-raht_r05,4.554139962,0.11149544
Training,p21,p21_gpcc-octree-raht_r06,4.7338777,0.097752762
Training,p21,p21_vpcc_r00,2.354445134,0.16472546
Training,p21,p21_vpcc_r01,2.949839027,0.165282616
Training,p21,p21_vpcc_r02,3.554261046,0.170722502
Training,p21,p21_vpcc_r03,4.223110386,0.150079707
Training,p21,p21_vpcc_r04,4.726796145,0.082598384
Training,p21,p21_vpcc_r05,4.790481699,0.091120277
Training,p22,p22_geocnn_r01,3.824083366,0.175265786
Training,p22,p22_geocnn_r02,4.600005133,0.123231849
Training,p22,p22_geocnn_r03,4.721252716,0.100388223
Training,p22,p22_geocnn_r04,4.795471072,0.08909232
Training,p22,p22_gpcc-octree-predlift_r02,1.453748967,0.14862214
Training,p22,p22_gpcc-octree-predlift_r03,3.091482139,0.158115404
Training,p22,p22_gpcc-octree-predlift_r04,4.414727483,0.13777185
Training,p22,p22_gpcc-octree-predlift_r05,4.586039251,0.145478591
Training,p22,p22_gpcc-octree-predlift_r06,4.718973124,0.112118365
Training,p22,p22_gpcc-octree-raht_r02,1.303641336,0.14338505
Training,p22,p22_gpcc-octree-raht_r03,2.615146539,0.172929982
Training,p22,p22_gpcc-octree-raht_r04,4.413740312,0.10548561
Training,p22,p22_gpcc-octree-raht_r05,4.690551093,0.129827338
Training,p22,p22_gpcc-octree-raht_r06,4.639478251,0.119647888
Training,p22,p22_vpcc_r00,1.994442264,0.163912328
Training,p22,p22_vpcc_r01,2.74768197,0.19921966
Training,p22,p22_vpcc_r02,3.740342992,0.182182711
Training,p22,p22_vpcc_r03,4.592665732,0.100831099
Training,p22,p22_vpcc_r04,4.676959562,0.113234947
Training,p22,p22_vpcc_r05,4.758027444,0.102875647
Training,p23,p23_geocnn_r01,4.256738653,0.122482384
Training,p23,p23_geocnn_r02,4.652610484,0.123865571
Training,p23,p23_geocnn_r03,4.430030656,0.114925889
Training,p23,p23_geocnn_r04,4.832279222,0.103762059
Training,p23,p23_gpcc-octree-predlift_r02,2.153345486,0.188940523
Training,p23,p23_gpcc-octree-predlift_r03,3.394906012,0.12674623
Training,p23,p23_gpcc-octree-predlift_r04,4.651033134,0.105750338
Training,p23,p23_gpcc-octree-predlift_r05,4.670677228,0.0903109
Training,p23,p23_gpcc-octree-predlift_r06,4.654118473,0.148735008
Training,p23,p23_gpcc-octree-raht_r02,1.683271436,0.152106989
Training,p23,p23_gpcc-octree-raht_r03,3.151949631,0.150939582
Training,p23,p23_gpcc-octree-raht_r04,4.52411065,0.122555261
Training,p23,p23_gpcc-octree-raht_r05,4.682844312,0.129887481
Training,p23,p23_gpcc-octree-raht_r06,4.744206937,0.107362237
Training,p23,p23_vpcc_r00,2.404582314,0.140472969
Training,p23,p23_vpcc_r01,3.322950027,0.14127663
Training,p23,p23_vpcc_r02,3.948556469,0.155102646
Training,p23,p23_vpcc_r03,4.368789444,0.120200647
Training,p23,p23_vpcc_r04,4.758783685,0.073071001
Training,p23,p23_vpcc_r05,4.526182335,0.11495948
Training,p24,p24_geocnn_r01,4.223448741,0.138974008
Training,p24,p24_geocnn_r02,4.591167959,0.134686465
Training,p24,p24_geocnn_r03,4.599592104,0.138675036
Training,p24,p24_geocnn_r04,4.633445826,0.10662061
Training,p24,p24_gpcc-octree-predlift_r02,1.489248169,0.156423923
Training,p24,p24_gpcc-octree-predlift_r03,2.931534579,0.165363664
Training,p24,p24_gpcc-octree-predlift_r04,4.208053246,0.145840776
Training,p24,p24_gpcc-octree-predlift_r05,4.560614544,0.115263903
Training,p24,p24_gpcc-octree-predlift_r06,4.580295712,0.1118163
Training,p24,p24_gpcc-octree-raht_r02,1.235113047,0.155695681
Training,p24,p24_gpcc-octree-raht_r03,2.441391366,0.165902985
Training,p24,p24_gpcc-octree-raht_r04,3.764998845,0.136696165
Training,p24,p24_gpcc-octree-raht_r05,4.449062109,0.161932042
Training,p24,p24_gpcc-octree-raht_r06,4.689903043,0.117705717
Training,p24,p24_vpcc_r00,1.693126121,0.159977798
Training,p24,p24_vpcc_r01,2.427174033,0.191724165
Training,p24,p24_vpcc_r02,3.105811518,0.161593268
Training,p24,p24_vpcc_r03,4.188638901,0.152030585
Training,p24,p24_vpcc_r04,4.419825103,0.105079123
Training,p24,p24_vpcc_r05,4.613597863,0.114744087
Training,p25,p25_geocnn_r01,4.379562061,0.123695931
Training,p25,p25_geocnn_r02,4.612874205,0.108424135
Training,p25,p25_geocnn_r03,4.749114321,0.088980538
Training,p25,p25_geocnn_r04,4.626742528,0.116847835
Training,p25,p25_gpcc-octree-predlift_r02,1.542373067,0.138877112
Training,p25,p25_gpcc-octree-predlift_r03,3.033568779,0.154840657
Training,p25,p25_gpcc-octree-predlift_r04,4.299779275,0.121236577
Training,p25,p25_gpcc-octree-predlift_r05,4.543072931,0.131744711
Training,p25,p25_gpcc-octree-predlift_r06,4.707708665,0.134879503
Training,p25,p25_gpcc-octree-raht_r02,1.51897925,0.153827321
Training,p25,p25_gpcc-octree-raht_r03,2.71990684,0.168872869
Training,p25,p25_gpcc-octree-raht_r04,3.983468697,0.127357425
Training,p25,p25_gpcc-octree-raht_r05,4.516184422,0.136178153
Training,p25,p25_gpcc-octree-raht_r06,4.816475129,0.073183638
Training,p25,p25_vpcc_r00,2.026276582,0.180473394
Training,p25,p25_vpcc_r01,2.622167367,0.162210764
Training,p25,p25_vpcc_r02,3.375209031,0.175215118
Training,p25,p25_vpcc_r03,4.339457603,0.125077635
Training,p25,p25_vpcc_r04,4.639259939,0.100056178
Training,p25,p25_vpcc_r05,4.674341228,0.114122595
Training,p26,p26_geocnn_r01,3.523156399,0.142555339
Training,p26,p26_geocnn_r02,3.794443623,0.128797759
Training,p26,p26_geocnn_r03,4.030388401,0.130527348
Training,p26,p26_geocnn_r04,4.277576267,0.122809989
Training,p26,p26_gpcc-octree-predlift_r02,1.203682991,0.121787819
Training,p26,p26_gpcc-octree-predlift_r03,2.63521511,0.177629559
Training,p26,p26_gpcc-octree-predlift_r04,4.122144992,0.117488717
Training,p26,p26_gpcc-octree-predlift_r05,4.461635088,0.153473668
Training,p26,p26_gpcc-octree-predlift_r06,4.612069736,0.126539646
Training,p26,p26_gpcc-octree-raht_r02,1.118931872,0.090341973
Training,p26,p26_gpcc-octree-raht_r03,1.973384531,0.1588796
Training,p26,p26_gpcc-octree-raht_r04,3.921120619,0.141390334
Training,p26,p26_gpcc-octree-raht_r05,4.521009979,0.115000902
Training,p26,p26_gpcc-octree-raht_r06,4.569581879,0.123401817
Training,p26,p26_vpcc_r00,1.751934589,0.190798386
Training,p26,p26_vpcc_r01,2.882829187,0.148902313
Training,p26,p26_vpcc_r02,3.55482374,0.129537049
Training,p26,p26_vpcc_r03,4.179329773,0.111470636
Training,p26,p26_vpcc_r04,4.696900782,0.126515199
Training,p26,p26_vpcc_r05,4.664832252,0.105561956
Training,p27,p27_geocnn_r01,3.51896975,0.169533386
Training,p27,p27_geocnn_r02,4.426499827,0.137181491
Training,p27,p27_geocnn_r03,4.44939006,0.133413087
Training,p27,p27_geocnn_r04,4.720566973,0.122839058
Training,p27,p27_gpcc-octree-predlift_r02,1.34406289,0.136487567
Training,p27,p27_gpcc-octree-predlift_r03,3.100691438,0.156765037
Training,p27,p27_gpcc-octree-predlift_r04,4.386814418,0.129676995
Training,p27,p27_gpcc-octree-predlift_r05,4.478545686,0.134412555
Training,p27,p27_gpcc-octree-predlift_r06,4.556572199,0.160595209
Training,p27,p27_gpcc-octree-raht_r02,1.207104028,0.127300696
Training,p27,p27_gpcc-octree-raht_r03,2.847057316,0.174180554
Training,p27,p27_gpcc-octree-raht_r04,3.879792144,0.157477234
Training,p27,p27_gpcc-octree-raht_r05,4.660069674,0.1111882
Training,p27,p27_gpcc-octree-raht_r06,4.621706196,0.112015101
Training,p27,p27_vpcc_r00,2.733374048,0.167194833
Training,p27,p27_vpcc_r01,3.3677365,0.164914662
Training,p27,p27_vpcc_r02,3.920227191,0.152115786
Training,p27,p27_vpcc_r03,4.368681952,0.14242195
Training,p27,p27_vpcc_r04,4.564288034,0.10428054
Training,p27,p27_vpcc_r05,4.608212709,0.136560317
Training,p28,p28_geocnn_r01,4.009246405,0.149030066
Training,p28,p28_geocnn_r02,4.411908838,0.123409864
Training,p28,p28_geocnn_r03,4.560125952,0.108167766
Training,p28,p28_geocnn_r04,4.709449264,0.12359315
Training,p28,p28_gpcc-octree-predlift_r02,1.32931314,0.114848642
Training,p28,p28_gpcc-octree-predlift_r03,3.202188441,0.158312946
Training,p28,p28_gpcc-octree-predlift_r04,4.41529549,0.148814194
Training,p28,p28_gpcc-octree-predlift_r05,4.713794751,0.110389163
Training,p28,p28_gpcc-octree-predlift_r06,4.805735032,0.094004257
Training,p28,p28_gpcc-octree-raht_r02,1.141030856,0.134251416
Training,p28,p28_gpcc-octree-raht_r03,2.92407346,0.143027404
Training,p28,p28_gpcc-octree-raht_r04,4.370677083,0.126280407
Training,p28,p28_gpcc-octree-raht_r05,4.575142614,0.088352344
Training,p28,p28_gpcc-octree-raht_r06,4.772323581,0.080430789
Training,p28,p28_vpcc_r00,2.743201932,0.156494116
Training,p28,p28_vpcc_r01,3.336559156,0.137762778
Training,p28,p28_vpcc_r02,3.918099777,0.129884997
Training,p28,p28_vpcc_r03,4.7292052,0.106716857
Training,p28,p28_vpcc_r04,4.770591514,0.114228015
Training,p28,p28_vpcc_r05,4.84061814,0.10834666
Test,p29,p29_geocnn_r01,2.372615114,0.195138262
Test,p29,p29_geocnn_r02,3.048274387,0.212025506
Test,p29,p29_geocnn_r03,3.363508295,0.213550638
Test,p29,p29_geocnn_r04,3.642376507,0.188562786
Test,p29,p29_gpcc-octree-predlift_r02,1.736680349,0.165814825
Test,p29,p29_gpcc-octree-predlift_r03,3.050545964,0.19951831
Test,p29,p29_gpcc-octree-predlift_r04,4.419983183,0.117819413
Test,p29,p29_gpcc-octree-predlift_r05,4.474141122,0.164482595
Test,p29,p29_gpcc-octree-predlift_r06,4.450378451,0.152416096
Test,p29,p29_gpcc-octree-raht_r02,1.595355938,0.192034999
Test,p29,p29_gpcc-octree-raht_r03,3.143863256,0.156523962
Test,p29,p29_gpcc-octree-raht_r04,4.329900705,0.139566989
Test,p29,p29_gpcc-octree-raht_r05,4.305996894,0.140387928
Test,p29,p29_gpcc-octree-raht_r06,4.382524451,0.133976181
Test,p29,p29_vpcc_r00,2.996366974,0.199771911
Test,p29,p29_vpcc_r01,3.438150328,0.151184217
Test,p29,p29_vpcc_r02,3.799653527,0.123666504
Test,p29,p29_vpcc_r03,4.092877318,0.165712919
Test,p29,p29_vpcc_r04,4.055519885,0.144109901
Test,p29,p29_vpcc_r05,4.219420232,0.162522105
Test,p30,p30_geocnn_r01,2.685787814,0.177027743
Test,p30,p30_geocnn_r02,3.562262582,0.159824053
Test,p30,p30_geocnn_r03,3.807057478,0.193478469
Test,p30,p30_geocnn_r04,4.256627756,0.143589624
Test,p30,p30_gpcc-octree-predlift_r02,1.734343225,0.192543418
Test,p30,p30_gpcc-octree-predlift_r03,3.0281403,0.199785735
Test,p30,p30_gpcc-octree-predlift_r04,4.081999708,0.14957019
Test,p30,p30_gpcc-octree-predlift_r05,4.144419567,0.142172711
Test,p30,p30_gpcc-octree-predlift_r06,4.380123367,0.115710507
Test,p30,p30_gpcc-octree-raht_r02,1.603646195,0.19160913
Test,p30,p30_gpcc-octree-raht_r03,3.174149759,0.170958005
Test,p30,p30_gpcc-octree-raht_r04,4.182465897,0.166275207
Test,p30,p30_gpcc-octree-raht_r05,4.059574146,0.137456379
Test,p30,p30_gpcc-octree-raht_r06,4.39537575,0.13015555
Test,p30,p30_vpcc_r00,3.001019341,0.191600066
Test,p30,p30_vpcc_r01,3.599030734,0.214335461
Test,p30,p30_vpcc_r02,3.978065595,0.19845068
Test,p30,p30_vpcc_r03,3.987012897,0.160798228
Test,p30,p30_vpcc_r04,3.926812714,0.171426848
Test,p30,p30_vpcc_r05,3.976917507,0.15997612
Validation,p31,p31_geocnn_r01,4.580823414,0.114461251
Validation,p31,p31_geocnn_r02,4.685153097,0.100598385
Validation,p31,p31_geocnn_r03,4.887099391,0.063555727
Validation,p31,p31_geocnn_r04,4.866037309,0.063983827
Validation,p31,p31_gpcc-octree-predlift_r02,1.431179948,0.138244641
Validation,p31,p31_gpcc-octree-predlift_r03,3.381382897,0.148381192
Validation,p31,p31_gpcc-octree-predlift_r04,4.360271926,0.128313502
Validation,p31,p31_gpcc-octree-predlift_r05,4.636083297,0.10434052
Validation,p31,p31_gpcc-octree-predlift_r06,4.727654318,0.108313049
Validation,p31,p31_gpcc-octree-raht_r02,1.291918468,0.134724007
Validation,p31,p31_gpcc-octree-raht_r03,2.606866781,0.135141509
Validation,p31,p31_gpcc-octree-raht_r04,4.276294567,0.11162117
Validation,p31,p31_gpcc-octree-raht_r05,4.676756402,0.110889235
Validation,p31,p31_gpcc-octree-raht_r06,4.742144387,0.093545612
Validation,p31,p31_vpcc_r00,1.715671955,0.144902609
Validation,p31,p31_vpcc_r01,2.798046805,0.167437408
Validation,p31,p31_vpcc_r02,3.849330445,0.134627159
Validation,p31,p31_vpcc_r03,4.504239662,0.109035258
Validation,p31,p31_vpcc_r04,4.65811444,0.112633233
Validation,p31,p31_vpcc_r05,4.900231542,0.076625331
Test,p32,p32_gpcc-octree-predlift_r02,1.252476707,0.136741165
Test,p32,p32_gpcc-octree-predlift_r03,2.9527723,0.165252862
Test,p32,p32_gpcc-octree-predlift_r04,4.115035637,0.131257023
Test,p32,p32_gpcc-octree-predlift_r05,4.141658595,0.126700413
Test,p32,p32_gpcc-octree-predlift_r06,4.309617157,0.125530638
Test,p32,p32_gpcc-octree-raht_r02,1.200099824,0.131481003
Test,p32,p32_gpcc-octree-raht_r03,2.568091523,0.162679364
Test,p32,p32_gpcc-octree-raht_r04,3.697438325,0.138702041
Test,p32,p32_gpcc-octree-raht_r05,4.089618627,0.145744583
Test,p32,p32_gpcc-octree-raht_r06,4.504880352,0.099050237
Test,p32,p32_vpcc_r00,3.017217733,0.156956935
Test,p32,p32_vpcc_r01,3.959292548,0.130444402
Test,p32,p32_vpcc_r02,4.116090543,0.12698165
Test,p32,p32_vpcc_r03,4.050622887,0.162901609
Test,p32,p32_vpcc_r04,4.156119629,0.136664906
Test,p32,p32_vpcc_r05,4.369828061,0.122532125
Training,p33,p33_geocnn_r01,2.223678361,0.159796876
Training,p33,p33_geocnn_r02,2.946690185,0.222535832
Training,p33,p33_geocnn_r03,3.644832287,0.160583246
Training,p33,p33_geocnn_r04,4.42364513,0.169140654
Training,p33,p33_gpcc-octree-predlift_r02,1.415597296,0.162346294
Training,p33,p33_gpcc-octree-predlift_r03,2.737912831,0.158667836
Training,p33,p33_gpcc-octree-predlift_r04,3.915885839,0.140010004
Training,p33,p33_gpcc-octree-predlift_r05,4.297296109,0.167144858
Training,p33,p33_gpcc-octree-predlift_r06,4.340243835,0.130976275
Training,p33,p33_gpcc-octree-raht_r02,1.551726022,0.164953327
Training,p33,p33_gpcc-octree-raht_r03,2.516853103,0.161857541
Training,p33,p33_gpcc-octree-raht_r04,3.617635422,0.131511423
Training,p33,p33_gpcc-octree-raht_r05,3.953140546,0.133663108
Training,p33,p33_gpcc-octree-raht_r06,4.308352381,0.148301794
Training,p33,p33_vpcc_r00,1.78443828,0.156023071
Training,p33,p33_vpcc_r01,1.908650543,0.176573039
Training,p33,p33_vpcc_r02,2.472965682,0.177504299
Training,p33,p33_vpcc_r03,2.525017957,0.191145006
Training,p33,p33_vpcc_r04,2.636931588,0.186754639
Training,p33,p33_vpcc_r05,3.26293341,0.157613866
Validation,p34,p34_geocnn_r01,3.875939976,0.198219928
Validation,p34,p34_geocnn_r02,4.546737909,0.122589685
Validation,p34,p34_geocnn_r03,4.426345732,0.111580509
Validation,p34,p34_geocnn_r04,4.545792664,0.14524465
Validation,p34,p34_gpcc-octree-predlift_r02,2.084761993,0.183103829
Validation,p34,p34_gpcc-octree-predlift_r03,3.543804451,0.152119378
Validation,p34,p34_gpcc-octree-predlift_r04,4.345670148,0.126939384
Validation,p34,p34_gpcc-octree-predlift_r05,4.729392362,0.118424607
Validation,p34,p34_gpcc-octree-predlift_r06,4.731923055,0.098923476
Validation,p34,p34_gpcc-octree-raht_r02,1.669786828,0.181415931
Validation,p34,p34_gpcc-octree-raht_r03,3.419269773,0.145584255
Validation,p34,p34_gpcc-octree-raht_r04,4.314845852,0.123973346
Validation,p34,p34_gpcc-octree-raht_r05,4.666314301,0.126447847
Validation,p34,p34_gpcc-octree-raht_r06,4.643765812,0.130928468
Validation,p34,p34_vpcc_r00,3.355018216,0.143066159
Validation,p34,p34_vpcc_r01,3.745228879,0.148288127
Validation,p34,p34_vpcc_r02,3.899397852,0.14879216
Validation,p34,p34_vpcc_r03,4.270619321,0.121790476
Validation,p34,p34_vpcc_r04,4.36406419,0.129913605
Validation,p34,p34_vpcc_r05,4.524484729,0.128676773
Training,p35,p35_geocnn_r01,3.844392178,0.14057036
Training,p35,p35_geocnn_r02,4.421661609,0.102127673
Training,p35,p35_geocnn_r03,4.449023535,0.12144127
Training,p35,p35_geocnn_r04,4.736201111,0.098434849
Training,p35,p35_gpcc-octree-predlift_r02,1.332897373,0.173724828
Training,p35,p35_gpcc-octree-predlift_r03,3.006372097,0.164237238
Training,p35,p35_gpcc-octree-predlift_r04,4.225658591,0.132112954
Training,p35,p35_gpcc-octree-predlift_r05,4.563370505,0.120995686
Training,p35,p35_gpcc-octree-predlift_r06,4.73569461,0.079005786
Training,p35,p35_gpcc-octree-raht_r02,1.369530651,0.166518381
Training,p35,p35_gpcc-octree-raht_r03,2.231092089,0.187153882
Training,p35,p35_gpcc-octree-raht_r04,4.17218507,0.14181314
Training,p35,p35_gpcc-octree-raht_r05,4.729700233,0.117923238
Training,p35,p35_gpcc-octree-raht_r06,4.777908352,0.09294632
Training,p35,p35_vpcc_r00,1.888467299,0.171619742
Training,p35,p35_vpcc_r01,2.780948036,0.17555592
Training,p35,p35_vpcc_r02,3.525430254,0.147955697
Training,p35,p35_vpcc_r03,3.747455491,0.159052594
Training,p35,p35_vpcc_r04,4.171733866,0.165582425
Training,p35,p35_vpcc_r05,4.637269715,0.096549215
Training,p36,p36_geocnn_r01,3.449315016,0.189534786
Training,p36,p36_geocnn_r02,4.257003398,0.169905189
Training,p36,p36_geocnn_r03,4.515622385,0.144599793
Training,p36,p36_geocnn_r04,4.623073453,0.11200873
Training,p36,p36_gpcc-octree-predlift_r02,1.613518687,0.159232429
Training,p36,p36_gpcc-octree-predlift_r03,4.050807701,0.186712439
Training,p36,p36_gpcc-octree-predlift_r04,4.590846425,0.12143957
Training,p36,p36_gpcc-octree-predlift_r05,4.62135294,0.127014558
Training,p36,p36_gpcc-octree-predlift_r06,4.837494708,0.092273306
Training,p36,p36_gpcc-octree-raht_r02,1.476062871,0.162426797
Training,p36,p36_gpcc-octree-raht_r03,3.547504391,0.174886294
Training,p36,p36_gpcc-octree-raht_r04,4.345827906,0.164507965
Training,p36,p36_gpcc-octree-raht_r05,4.61467515,0.136509395
Training,p36,p36_gpcc-octree-raht_r06,4.52946623,0.108832597
Training,p36,p36_vpcc_r00,2.288100325,0.154766561
Training,p36,p36_vpcc_r01,2.927898365,0.162047779
Training,p36,p36_vpcc_r02,3.721901178,0.148180678
Training,p36,p36_vpcc_r03,4.053039371,0.11788625
Training,p36,p36_vpcc_r04,4.242229452,0.137182426
Training,p36,p36_vpcc_r05,4.42222001,0.134303814
Validation,p37,p37_geocnn_r01,3.619721248,0.159173499
Validation,p37,p37_geocnn_r02,4.184002988,0.137796891
Validation,p37,p37_geocnn_r03,4.310077599,0.151495704
Validation,p37,p37_geocnn_r04,4.567103763,0.149868199
Validation,p37,p37_gpcc-octree-predlift_r02,1.237990437,0.145496756
Validation,p37,p37_gpcc-octree-predlift_r03,2.990177358,0.165515344
Validation,p37,p37_gpcc-octree-predlift_r04,4.258633958,0.13519583
Validation,p37,p37_gpcc-octree-predlift_r05,4.536320132,0.127934883
Validation,p37,p37_gpcc-octree-predlift_r06,4.690042408,0.100948521
Validation,p37,p37_gpcc-octree-raht_r02,1.124499732,0.146371592
Validation,p37,p37_gpcc-octree-raht_r03,2.925747437,0.182338103
Validation,p37,p37_gpcc-octree-raht_r04,4.058281421,0.154310354
Validation,p37,p37_gpcc-octree-raht_r05,4.479569771,0.161721674
Validation,p37,p37_gpcc-octree-raht_r06,4.627080381,0.108547851
Validation,p37,p37_vpcc_r00,2.572504656,0.155451515
Validation,p37,p37_vpcc_r01,3.495848829,0.159355612
Validation,p37,p37_vpcc_r02,3.808285233,0.135663844
Validation,p37,p37_vpcc_r03,4.478868449,0.115537137
Validation,p37,p37_vpcc_r04,4.320382088,0.135388275
Validation,p37,p37_vpcc_r05,4.578802836,0.166361565
Test,p38,p38_geocnn_r01,2.275291276,0.182981895
Test,p38,p38_geocnn_r02,3.20686651,0.186972327
Test,p38,p38_geocnn_r03,3.628153941,0.172732908
Test,p38,p38_geocnn_r04,3.798689146,0.133565804
Test,p38,p38_gpcc-octree-predlift_r02,1.473274998,0.118507968
Test,p38,p38_gpcc-octree-predlift_r03,2.704729065,0.159343495
Test,p38,p38_gpcc-octree-predlift_r04,4.044642558,0.135460455
Test,p38,p38_gpcc-octree-predlift_r05,4.611395547,0.095695806
Test,p38,p38_gpcc-octree-predlift_r06,4.678347125,0.085265267
Test,p38,p38_gpcc-octree-raht_r02,1.223246676,0.146007708
Test,p38,p38_gpcc-octree-raht_r03,2.764748867,0.156415963
Test,p38,p38_gpcc-octree-raht_r04,4.034340118,0.13882832
Test,p38,p38_gpcc-octree-raht_r05,4.532628868,0.121287778
Test,p38,p38_gpcc-octree-raht_r06,4.672838298,0.154603874
Test,p38,p38_vpcc_r00,2.564196814,0.133889264
Test,p38,p38_vpcc_r01,2.990821993,0.169114418
Test,p38,p38_vpcc_r02,3.68801259,0.168389976
Test,p38,p38_vpcc_r03,3.994788636,0.132870672
Test,p38,p38_vpcc_r04,4.201912511,0.138421654
Test,p38,p38_vpcc_r05,4.240084548,0.166690482
Validation,p39,p39_geocnn_r01,2.625271917,0.189114401
Validation,p39,p39_geocnn_r02,3.310565068,0.173718596
Validation,p39,p39_geocnn_r03,4.01468599,0.180837959
Validation,p39,p39_geocnn_r04,3.914193906,0.168121487
Validation,p39,p39_gpcc-octree-predlift_r02,1.46147738,0.143582241
Validation,p39,p39_gpcc-octree-predlift_r03,2.74349639,0.16299247
Validation,p39,p39_gpcc-octree-predlift_r04,4.308007778,0.147497092
Validation,p39,p39_gpcc-octree-predlift_r05,4.41773719,0.133220556
Validation,p39,p39_gpcc-octree-predlift_r06,4.572522585,0.139114813
Validation,p39,p39_gpcc-octree-raht_r02,1.470226983,0.18647939
Validation,p39,p39_gpcc-octree-raht_r03,2.849945746,0.18827454
Validation,p39,p39_gpcc-octree-raht_r04,4.042905035,0.169380289
Validation,p39,p39_gpcc-octree-raht_r05,3.398585764,0.276743449
Validation,p39,p39_gpcc-octree-raht_r06,4.452174109,0.131214854
Validation,p39,p39_vpcc_r00,1.872400812,0.1568282
Validation,p39,p39_vpcc_r01,2.688281806,0.182136293
Validation,p39,p39_vpcc_r02,2.979761367,0.187332811
Validation,p39,p39_vpcc_r03,3.395950256,0.162465559
Validation,p39,p39_vpcc_r04,3.61437336,0.217529696
Validation,p39,p39_vpcc_r05,4.00165339,0.179188031
Training,p40,p40_geocnn_r01,4.223862803,0.139580064
Training,p40,p40_geocnn_r02,4.537520119,0.139344968
Training,p40,p40_geocnn_r03,4.623413014,0.134277566
Training,p40,p40_geocnn_r04,4.601508136,0.117533388
Training,p40,p40_gpcc-octree-predlift_r02,1.533316784,0.168733234
Training,p40,p40_gpcc-octree-predlift_r03,3.076065063,0.142586231
Training,p40,p40_gpcc-octree-predlift_r04,4.553822348,0.111016926
Training,p40,p40_gpcc-octree-predlift_r05,4.715850029,0.117012841
Training,p40,p40_gpcc-octree-predlift_r06,4.49407148,0.146559276
Training,p40,p40_gpcc-octree-raht_r02,1.234623604,0.098137719
Training,p40,p40_gpcc-octree-raht_r03,2.788596822,0.160088751
Training,p40,p40_gpcc-octree-raht_r04,4.424253243,0.121765503
Training,p40,p40_gpcc-octree-raht_r05,4.638737358,0.106793574
Training,p40,p40_gpcc-octree-raht_r06,4.706810586,0.113436064
Training,p40,p40_vpcc_r00,1.624651452,0.18774511
Training,p40,p40_vpcc_r01,2.649080199,0.170233858
Training,p40,p40_vpcc_r02,4.240712826,0.113688402
Training,p40,p40_vpcc_r03,4.485628688,0.113413247
Training,p40,p40_vpcc_r04,4.532190613,0.107568461
Training,p40,p40_vpcc_r05,4.651723578,0.128193813
Training,p41,p41_geocnn_r01,4.227608907,0.136599162
Training,p41,p41_geocnn_r02,4.429957,0.125994127
Training,p41,p41_geocnn_r03,4.717672203,0.090610916
Training,p41,p41_geocnn_r04,4.671408552,0.098599115
Training,p41,p41_gpcc-octree-predlift_r02,1.429416914,0.118495235
Training,p41,p41_gpcc-octree-predlift_r03,3.127067186,0.143535642
Training,p41,p41_gpcc-octree-predlift_r04,4.382717869,0.105330053
Training,p41,p41_gpcc-octree-predlift_r05,4.357342511,0.127027115
Training,p41,p41_gpcc-octree-predlift_r06,4.847472591,0.087222546
Training,p41,p41_gpcc-octree-raht_r02,1.344665616,0.139411616
Training,p41,p41_gpcc-octree-raht_r03,2.827048658,0.158145011
Training,p41,p41_gpcc-octree-raht_r04,4.381647766,0.107854078
Training,p41,p41_gpcc-octree-raht_r05,4.610395857,0.103291785
Training,p41,p41_gpcc-octree-raht_r06,4.762194118,0.085507167
Training,p41,p41_vpcc_r00,2.157191279,0.186831835
Training,p41,p41_vpcc_r01,3.092292911,0.156995706
Training,p41,p41_vpcc_r02,3.974770472,0.138493261
Training,p41,p41_vpcc_r03,4.3713858,0.117788682
Training,p41,p41_vpcc_r04,4.522034384,0.121851358
Training,p41,p41_vpcc_r05,4.487006824,0.11553405
Validation,p42,p42_geocnn_r01,4.054969573,0.121096588
Validation,p42,p42_geocnn_r02,4.304212147,0.155860649
Validation,p42,p42_geocnn_r03,4.406910179,0.119648002
Validation,p42,p42_geocnn_r04,4.702340889,0.096941455
Validation,p42,p42_gpcc-octree-predlift_r02,1.521997676,0.133434197
Validation,p42,p42_gpcc-octree-predlift_r03,3.105351761,0.15653589
Validation,p42,p42_gpcc-octree-predlift_r04,4.466145725,0.118093468
Validation,p42,p42_gpcc-octree-predlift_r05,4.755120091,0.078408054
Validation,p42,p42_gpcc-octree-predlift_r06,1.952274859,0.300843453
Validation,p42,p42_gpcc-octree-raht_r02,1.183062625,0.099100733
Validation,p42,p42_gpcc-octree-raht_r03,3.086281675,0.158066661
Validation,p42,p42_gpcc-octree-raht_r04,4.540202629,0.114415632
Validation,p42,p42_gpcc-octree-raht_r05,4.715566195,0.099751899
Validation,p42,p42_gpcc-octree-raht_r06,4.650392617,0.109849387
Validation,p42,p42_vpcc_r00,3.094985701,0.162852104
Validation,p42,p42_vpcc_r01,4.278957238,0.136625624
Validation,p42,p42_vpcc_r02,4.593505476,0.114645873
Validation,p42,p42_vpcc_r03,4.755065972,0.109010505
Validation,p42,p42_vpcc_r04,4.733001157,0.108334362
Validation,p42,p42_vpcc_r05,4.703868848,0.085927695
Training,p43,p43_geocnn_r01,4.395502561,0.15165594
Training,p43,p43_geocnn_r02,4.608845194,0.136475418
Training,p43,p43_geocnn_r03,4.720652023,0.121895622
Training,p43,p43_geocnn_r04,4.844721623,0.088839189
Training,p43,p43_gpcc-octree-predlift_r02,2.066785104,0.169552662
Training,p43,p43_gpcc-octree-predlift_r03,3.428830541,0.164278801
Training,p43,p43_gpcc-octree-predlift_r04,4.139044497,0.174301025
Training,p43,p43_gpcc-octree-predlift_r05,4.63183351,0.091544085
Training,p43,p43_gpcc-octree-predlift_r06,4.665969849,0.104231948
Training,p43,p43_gpcc-octree-raht_r02,1.422636861,0.112459752
Training,p43,p43_gpcc-octree-raht_r03,3.554345861,0.152592719
Training,p43,p43_gpcc-octree-raht_r04,4.240996406,0.13669013
Training,p43,p43_gpcc-octree-raht_r05,4.616406924,0.117305341
Training,p43,p43_gpcc-octree-raht_r06,4.737603311,0.099477733
Training,p43,p43_vpcc_r00,2.665959594,0.148729217
Training,p43,p43_vpcc_r01,3.605505377,0.178074361
Training,p43,p43_vpcc_r02,3.954657784,0.150957459
Training,p43,p43_vpcc_r03,4.392864588,0.140706082
Training,p43,p43_vpcc_r04,4.66029619,0.109051647
Training,p43,p43_vpcc_r05,4.692099382,0.132345674
Training,p44,p44_geocnn_r01,3.849385111,0.147470992
Training,p44,p44_geocnn_r02,4.284409422,0.149124217
Training,p44,p44_geocnn_r03,4.301743631,0.136066364
Training,p44,p44_geocnn_r04,4.569426984,0.12911505
Training,p44,p44_gpcc-octree-predlift_r02,1.72432873,0.167695533
Training,p44,p44_gpcc-octree-predlift_r03,3.23698193,0.164329487
Training,p44,p44_gpcc-octree-predlift_r04,4.238318177,0.116955348
Training,p44,p44_gpcc-octree-predlift_r05,4.665948711,0.090934304
Training,p44,p44_gpcc-octree-predlift_r06,4.718057433,0.087347161
Training,p44,p44_gpcc-octree-raht_r02,1.218802258,0.127722711
Training,p44,p44_gpcc-octree-raht_r03,2.853020733,0.140007446
Training,p44,p44_gpcc-octree-raht_r04,4.213919688,0.105995927
Training,p44,p44_gpcc-octree-raht_r05,4.391524053,0.125564569
Training,p44,p44_gpcc-octree-raht_r06,4.518935138,0.094343497
Training,p44,p44_vpcc_r00,2.280101944,0.166937529
Training,p44,p44_vpcc_r01,3.108786177,0.17516598
Training,p44,p44_vpcc_r02,3.691125319,0.134286135
Training,p44,p44_vpcc_r03,4.361572424,0.122969178
Training,p44,p44_vpcc_r04,4.524556757,0.11924667
Training,p44,p44_vpcc_r05,4.553007035,0.127437893
Training,p45,p45_geocnn_r01,3.442395599,0.147371779
Training,p45,p45_geocnn_r02,4.119473231,0.123825822
Training,p45,p45_geocnn_r03,4.180803272,0.143490858
Training,p45,p45_geocnn_r04,4.462728013,0.128218315
Training,p45,p45_gpcc-octree-predlift_r02,1.392205455,0.139845907
Training,p45,p45_gpcc-octree-predlift_r03,2.777243633,0.173344406
Training,p45,p45_gpcc-octree-predlift_r04,4.132679907,0.148591192
Training,p45,p45_gpcc-octree-predlift_r05,4.561745608,0.119210578
Training,p45,p45_gpcc-octree-predlift_r06,3.935308502,0.260708919
Training,p45,p45_gpcc-octree-raht_r02,1.277497469,0.137619252
Training,p45,p45_gpcc-octree-raht_r03,2.59354933,0.148912731
Training,p45,p45_gpcc-octree-raht_r04,4.323742816,0.131105754
Training,p45,p45_gpcc-octree-raht_r05,4.672244768,0.096733141
Training,p45,p45_gpcc-octree-raht_r06,4.648627146,0.116388898
Training,p45,p45_vpcc_r00,2.398653431,0.16933745
Training,p45,p45_vpcc_r01,3.617074697,0.153946651
Training,p45,p45_vpcc_r02,4.426349832,0.13217105
Training,p45,p45_vpcc_r03,4.53422151,0.132780885
Training,p45,p45_vpcc_r04,4.473518142,0.143778812
Training,p45,p45_vpcc_r05,4.610528117,0.116355546
Training,p46,p46_geocnn_r01,4.150497609,0.13888109
Training,p46,p46_geocnn_r02,4.400538689,0.154863553
Training,p46,p46_geocnn_r03,4.580936853,0.098532228
Training,p46,p46_geocnn_r04,4.57694548,0.13343668
Training,p46,p46_gpcc-octree-predlift_r02,2.394528032,0.186181134
Training,p46,p46_gpcc-octree-predlift_r03,3.550497152,0.155519024
Training,p46,p46_gpcc-octree-predlift_r04,4.286740641,0.10548645
Training,p46,p46_gpcc-octree-predlift_r05,4.411104854,0.138640156
Training,p46,p46_gpcc-octree-predlift_r06,4.625783516,0.142423036
Training,p46,p46_gpcc-octree-raht_r02,2.063184602,0.153584836
Training,p46,p46_gpcc-octree-raht_r03,3.551078829,0.161741751
Training,p46,p46_gpcc-octree-raht_r04,4.138235165,0.133992483
Training,p46,p46_gpcc-octree-raht_r05,4.493213728,0.133562015
Training,p46,p46_gpcc-octree-raht_r06,4.491201939,0.1256963
Training,p46,p46_vpcc_r00,2.901451862,0.151382568
Training,p46,p46_vpcc_r01,3.130644649,0.137316488
Training,p46,p46_vpcc_r02,3.356306595,0.193930829
Training,p46,p46_vpcc_r03,3.663742772,0.128719104
Training,p46,p46_vpcc_r04,3.879352337,0.160767751
Training,p46,p46_vpcc_r05,4.447809649,0.114630347
Test,p47,p47_geocnn_r01,4.064496994,0.154084803
Test,p47,p47_geocnn_r02,4.445886516,0.120003111
Test,p47,p47_geocnn_r03,4.330173584,0.155258356
Test,p47,p47_geocnn_r04,4.527654531,0.114825906
Test,p47,p47_gpcc-octree-predlift_r02,1.156325161,0.117878163
Test,p47,p47_gpcc-octree-predlift_r03,2.492136374,0.18784331
Test,p47,p47_gpcc-octree-predlift_r04,4.137463267,0.133846855
Test,p47,p47_gpcc-octree-predlift_r05,4.482835912,0.10418886
Test,p47,p47_gpcc-octree-predlift_r06,4.686867611,0.094346332
Test,p47,p47_gpcc-octree-raht_r02,1.142754778,0.133130899
Test,p47,p47_gpcc-octree-raht_r03,2.074469936,0.206265436
Test,p47,p47_gpcc-octree-raht_r04,3.582210119,0.152659215
Test,p47,p47_gpcc-octree-raht_r05,4.323354386,0.153746634
Test,p47,p47_gpcc-octree-raht_r06,4.572109901,0.107849033
Test,p47,p47_vpcc_r00,1.202087986,0.119981668
Test,p47,p47_vpcc_r01,1.904447279,0.176248696
Test,p47,p47_vpcc_r02,2.827401656,0.155547897
Test,p47,p47_vpcc_r03,3.912894187,0.140962181
Test,p47,p47_vpcc_r04,4.556263473,0.131440629
Test,p47,p47_vpcc_r05,4.568503554,0.134474856
Training,p48,p48_geocnn_r01,3.943541859,0.143824461
Training,p48,p48_geocnn_r02,4.412851782,0.139525784
Training,p48,p48_geocnn_r03,4.470705198,0.139673154
Training,p48,p48_geocnn_r04,4.623065997,0.109513826
Training,p48,p48_gpcc-octree-predlift_r02,1.42895618,0.171560838
Training,p48,p48_gpcc-octree-predlift_r03,3.507212795,0.145884541
Training,p48,p48_gpcc-octree-predlift_r04,4.263903979,0.128340394
Training,p48,p48_gpcc-octree-predlift_r05,4.516953993,0.127007962
Training,p48,p48_gpcc-octree-predlift_r06,4.689963301,0.114465638
Training,p48,p48_gpcc-octree-raht_r02,1.603588178,0.138612453
Training,p48,p48_gpcc-octree-raht_r03,3.188978359,0.1710738
Training,p48,p48_gpcc-octree-raht_r04,4.165555387,0.113079916
Training,p48,p48_gpcc-octree-raht_r05,4.433891519,0.13188762
Training,p48,p48_gpcc-octree-raht_r06,4.590998748,0.142621159
Training,p48,p48_vpcc_r00,1.881008635,0.149882414
Training,p48,p48_vpcc_r01,2.820650921,0.182593197
Training,p48,p48_vpcc_r02,3.287722524,0.1862618
Training,p48,p48_vpcc_r03,3.840788305,0.127116719
Training,p48,p48_vpcc_r04,4.127274476,0.136544633
Training,p48,p48_vpcc_r05,4.464249398,0.119764162
Training,p49,p49_geocnn_r01,3.40201083,0.178400471
Training,p49,p49_geocnn_r02,4.254599058,0.113783675
Training,p49,p49_geocnn_r03,3.969974332,0.149608519
Training,p49,p49_geocnn_r04,4.545382437,0.106717696
Training,p49,p49_gpcc-octree-predlift_r02,1.411122927,0.134129686
Training,p49,p49_gpcc-octree-predlift_r03,2.713155704,0.164187463
Training,p49,p49_gpcc-octree-predlift_r04,3.877167382,0.130062795
Training,p49,p49_gpcc-octree-predlift_r05,4.515109528,0.100526935
Training,p49,p49_gpcc-octree-predlift_r06,4.554019549,0.119271978
Training,p49,p49_gpcc-octree-raht_r02,1.417433099,0.192727223
Training,p49,p49_gpcc-octree-raht_r03,2.61639643,0.168430694
Training,p49,p49_gpcc-octree-raht_r04,3.727851134,0.146281477
Training,p49,p49_gpcc-octree-raht_r05,4.345333376,0.146813437
Training,p49,p49_gpcc-octree-raht_r06,4.454285938,0.132271108
Training,p49,p49_vpcc_r00,1.860085145,0.150384475
Training,p49,p49_vpcc_r01,2.76817709,0.157061743
Training,p49,p49_vpcc_r02,3.697220042,0.14391171
Training,p49,p49_vpcc_r03,4.148517755,0.132952612
Training,p49,p49_vpcc_r04,4.516519326,0.123529879
Training,p49,p49_vpcc_r05,4.44640384,0.181641799
Training,p50,p50_geocnn_r01,4.384077807,0.127954157
Training,p50,p50_geocnn_r02,4.576617959,0.133753568
Training,p50,p50_geocnn_r03,4.565939968,0.109759308
Training,p50,p50_geocnn_r04,4.815010021,0.083918789
Training,p50,p50_gpcc-octree-predlift_r02,1.750307207,0.189871225
Training,p50,p50_gpcc-octree-predlift_r03,3.184102749,0.177847668
Training,p50,p50_gpcc-octree-predlift_r04,3.96452275,0.114777847
Training,p50,p50_gpcc-octree-predlift_r05,4.333370951,0.120657365
Training,p50,p50_gpcc-octree-predlift_r06,4.628868038,0.110538052
Training,p50,p50_gpcc-octree-raht_r02,1.385421745,0.126277757
Training,p50,p50_gpcc-octree-raht_r03,2.698975063,0.151993045
Training,p50,p50_gpcc-octree-raht_r04,3.937855769,0.141520592
Training,p50,p50_gpcc-octree-raht_r05,4.324710661,0.143840944
Training,p50,p50_gpcc-octree-raht_r06,4.601111004,0.102794649
Training,p50,p50_vpcc_r00,1.860687427,0.187506225
Training,p50,p50_vpcc_r01,2.793520018,0.152502772
Training,p50,p50_vpcc_r02,3.502272784,0.145195855
Training,p50,p50_vpcc_r03,4.214190763,0.11923868
Training,p50,p50_vpcc_r04,4.529400741,0.107860824
Training,p50,p50_vpcc_r05,4.610093752,0.116133155
Training,p51,p51_geocnn_r01,3.518762741,0.150569372
Training,p51,p51_geocnn_r02,3.958194211,0.160123074
Training,p51,p51_geocnn_r03,4.194357666,0.136691552
Training,p51,p51_geocnn_r04,4.354353997,0.13182119
Training,p51,p51_gpcc-octree-predlift_r02,1.347013501,0.113757116
Training,p51,p51_gpcc-octree-predlift_r03,3.00181988,0.178759918
Training,p51,p51_gpcc-octree-predlift_r04,4.005816865,0.156965634
Training,p51,p51_gpcc-octree-predlift_r05,4.141848297,0.157666436
Training,p51,p51_gpcc-octree-predlift_r06,4.558876653,0.126535647
Training,p51,p51_gpcc-octree-raht_r02,1.381647614,0.136042545
Training,p51,p51_gpcc-octree-raht_r03,2.943140438,0.142254608
Training,p51,p51_gpcc-octree-raht_r04,4.034906534,0.144459427
Training,p51,p51_gpcc-octree-raht_r05,4.311377594,0.141170814
Training,p51,p51_gpcc-octree-raht_r06,4.556746936,0.130171881
Training,p51,p51_vpcc_r00,1.871731547,0.181067919
Training,p51,p51_vpcc_r01,3.033439948,0.173145897
Training,p51,p51_vpcc_r02,3.482530302,0.189351934
Training,p51,p51_vpcc_r03,4.074225525,0.149758999
Training,p51,p51_vpcc_r04,4.198624049,0.172960534
Training,p51,p51_vpcc_r05,4.48451465,0.111658357
Training,p52,p52_geocnn_r01,3.578689106,0.136121284
Training,p52,p52_geocnn_r02,4.28967954,0.131651631
Training,p52,p52_geocnn_r03,4.433914955,0.109859995
Training,p52,p52_geocnn_r04,4.451629395,0.136048924
Training,p52,p52_gpcc-octree-predlift_r02,1.333721059,0.152728723
Training,p52,p52_gpcc-octree-predlift_r03,2.980046593,0.145045902
Training,p52,p52_gpcc-octree-predlift_r04,4.330209502,0.13442978
Training,p52,p52_gpcc-octree-predlift_r05,4.690885393,0.13580063
Training,p52,p52_gpcc-octree-predlift_r06,4.689244013,0.107257368
Training,p52,p52_gpcc-octree-raht_r02,1.444360721,0.135918263
Training,p52,p52_gpcc-octree-raht_r03,2.684165053,0.166088959
Training,p52,p52_gpcc-octree-raht_r04,4.060588257,0.117390446
Training,p52,p52_gpcc-octree-raht_r05,4.629823953,0.096083409
Training,p52,p52_gpcc-octree-raht_r06,4.719335078,0.124454613
Training,p52,p52_vpcc_r00,2.28501467,0.153021433
Training,p52,p52_vpcc_r01,2.809621563,0.135695687
Training,p52,p52_vpcc_r02,3.622270823,0.133401866
Training,p52,p52_vpcc_r03,4.129479637,0.136388225
Training,p52,p52_vpcc_r04,4.610575072,0.115570521
Training,p52,p52_vpcc_r05,4.62092582,0.116437495
Training,p53,p53_geocnn_r01,3.939469182,0.173465424
Training,p53,p53_geocnn_r02,4.455344984,0.104490848
Training,p53,p53_geocnn_r03,4.621951482,0.120172837
Training,p53,p53_geocnn_r04,4.454089047,0.113247803
Training,p53,p53_gpcc-octree-predlift_r02,1.381790812,0.166110465
Training,p53,p53_gpcc-octree-predlift_r03,2.848597902,0.188830356
Training,p53,p53_gpcc-octree-predlift_r04,4.367854781,0.155798671
Training,p53,p53_gpcc-octree-predlift_r05,4.421758918,0.159671225
Training,p53,p53_gpcc-octree-predlift_r06,4.675593064,0.112099177
Training,p53,p53_gpcc-octree-raht_r02,1.149159294,0.121317447
Training,p53,p53_gpcc-octree-raht_r03,2.456872563,0.167042004
Training,p53,p53_gpcc-octree-raht_r04,4.088259577,0.112628026
Training,p53,p53_gpcc-octree-raht_r05,4.584283841,0.126132598
Training,p53,p53_gpcc-octree-raht_r06,4.611492358,0.099906483
Training,p53,p53_vpcc_r00,1.880677781,0.160519245
Training,p53,p53_vpcc_r01,2.772630243,0.171201893
Training,p53,p53_vpcc_r02,3.962041652,0.153523024
Training,p53,p53_vpcc_r03,4.437739724,0.13076353
Training,p53,p53_vpcc_r04,4.528875562,0.126613283
Training,p53,p53_vpcc_r05,4.64881738,0.093335323
Training,p54,p54_geocnn_r01,2.623281086,0.143192621
Training,p54,p54_geocnn_r02,3.526444449,0.152099036
Training,p54,p54_geocnn_r03,4.013297568,0.142071561
Training,p54,p54_geocnn_r04,4.210389089,0.147146458
Training,p54,p54_gpcc-octree-predlift_r02,1.231039536,0.100268664
Training,p54,p54_gpcc-octree-predlift_r03,2.983401665,0.164957855
Training,p54,p54_gpcc-octree-predlift_r04,4.315334367,0.140910782
Training,p54,p54_gpcc-octree-predlift_r05,4.349258448,0.150190306
Training,p54,p54_gpcc-octree-predlift_r06,4.557353126,0.143257945
Training,p54,p54_gpcc-octree-raht_r02,1.355942404,0.145715823
Training,p54,p54_gpcc-octree-raht_r03,3.10835136,0.182309637
Training,p54,p54_gpcc-octree-raht_r04,4.176754842,0.11966798
Training,p54,p54_gpcc-octree-raht_r05,4.410068369,0.142226912
Training,p54,p54_gpcc-octree-raht_r06,4.496308912,0.134709931
Training,p54,p54_vpcc_r00,2.684445984,0.178776136
Training,p54,p54_vpcc_r01,3.37622619,0.16356143
Training,p54,p54_vpcc_r02,4.107143556,0.14203161
Training,p54,p54_vpcc_r03,4.469839144,0.125366485
Training,p54,p54_vpcc_r04,4.484426471,0.128926185
Training,p54,p54_vpcc_r05,4.350569411,0.115893623
Training,p55,p55_geocnn_r01,3.783632047,0.174653902
Training,p55,p55_geocnn_r02,4.12481811,0.14723385
Training,p55,p55_geocnn_r03,4.666320169,0.110903121
Training,p55,p55_geocnn_r04,4.665389674,0.106905145
Training,p55,p55_gpcc-octree-predlift_r02,1.463852506,0.140780737
Training,p55,p55_gpcc-octree-predlift_r03,3.445073732,0.132256171
Training,p55,p55_gpcc-octree-predlift_r04,4.395131256,0.10720577
Training,p55,p55_gpcc-octree-predlift_r05,4.690651644,0.113670701
Training,p55,p55_gpcc-octree-predlift_r06,4.60131312,0.140001519
Training,p55,p55_gpcc-octree-raht_r02,1.36486422,0.167585821
Training,p55,p55_gpcc-octree-raht_r03,3.187863836,0.145642602
Training,p55,p55_gpcc-octree-raht_r04,4.291041785,0.153972288
Training,p55,p55_gpcc-octree-raht_r05,4.68778212,0.100944312
Training,p55,p55_gpcc-octree-raht_r06,4.683889489,0.115467755
Training,p55,p55_vpcc_r00,2.913663905,0.167316684
Training,p55,p55_vpcc_r01,3.650169748,0.153202964
Training,p55,p55_vpcc_r02,4.350406135,0.121066657
Training,p55,p55_vpcc_r03,4.566576792,0.125354923
Training,p55,p55_vpcc_r04,4.765317431,0.105112616
Training,p55,p55_vpcc_r05,4.590784738,0.109569425
Training,p56,p56_geocnn_r01,2.941216968,0.193450071
Training,p56,p56_geocnn_r02,4.193777326,0.164116922
Training,p56,p56_geocnn_r03,4.644408375,0.130398379
Training,p56,p56_geocnn_r04,4.504202941,0.151636961
Training,p56,p56_gpcc-octree-predlift_r02,1.187226624,0.120611668
Training,p56,p56_gpcc-octree-predlift_r03,3.092619776,0.210926099
Training,p56,p56_gpcc-octree-predlift_r04,4.365095594,0.163088354
Training,p56,p56_gpcc-octree-predlift_r05,4.592687188,0.15107929
Training,p56,p56_gpcc-octree-predlift_r06,4.780289183,0.113678445
Training,p56,p56_gpcc-octree-raht_r02,1.389753643,0.138586634
Training,p56,p56_gpcc-octree-raht_r03,3.226979502,0.159120471
Training,p56,p56_gpcc-octree-raht_r04,4.59706816,0.134259006
Training,p56,p56_gpcc-octree-raht_r05,4.69476242,0.114070158
Training,p56,p56_gpcc-octree-raht_r06,4.707986859,0.139225642
Training,p56,p56_vpcc_r00,1.656196981,0.16790373
Training,p56,p56_vpcc_r01,2.39441292,0.204522167
Training,p56,p56_vpcc_r02,2.889707503,0.198630066
Training,p56,p56_vpcc_r03,3.39756445,0.187783358
Training,p56,p56_vpcc_r04,3.860098574,0.19525408
Training,p56,p56_vpcc_r05,4.301037549,0.165679903
Test,p57,p57_geocnn_r01,3.009448702,0.179150941
Test,p57,p57_geocnn_r02,3.86235418,0.209488077
Test,p57,p57_geocnn_r03,4.442475932,0.130696739
Test,p57,p57_geocnn_r04,4.271015177,0.182800551
Test,p57,p57_gpcc-octree-predlift_r02,1.302066411,0.134936428
Test,p57,p57_gpcc-octree-predlift_r03,2.641010331,0.240242163
Test,p57,p57_gpcc-octree-predlift_r04,4.131134718,0.137371
Test,p57,p57_gpcc-octree-predlift_r05,4.45242974,0.142006651
Test,p57,p57_gpcc-octree-predlift_r06,4.225220407,0.166879889
Test,p57,p57_gpcc-octree-raht_r02,1.300589193,0.122163505
Test,p57,p57_gpcc-octree-raht_r03,2.855015407,0.178331245
Test,p57,p57_gpcc-octree-raht_r04,4.133991247,0.148804584
Test,p57,p57_gpcc-octree-raht_r05,4.200136476,0.17100924
Test,p57,p57_gpcc-octree-raht_r06,4.342447008,0.143082577
Test,p57,p57_vpcc_r00,2.419139331,0.173715535
Test,p57,p57_vpcc_r01,3.145711955,0.168890365
Test,p57,p57_vpcc_r02,3.902911403,0.163352776
Test,p57,p57_vpcc_r03,4.138469658,0.140559659
Test,p57,p57_vpcc_r04,4.332537405,0.150487617
Test,p57,p57_vpcc_r05,4.341575609,0.146009353
Training,p58,p58_geocnn_r01,2.704143026,0.170504728
Training,p58,p58_geocnn_r02,3.362763119,0.18543217
Training,p58,p58_geocnn_r03,3.863402614,0.14740661
Training,p58,p58_geocnn_r04,3.668401365,0.149635597
Training,p58,p58_gpcc-octree-predlift_r02,1.291111214,0.169978033
Training,p58,p58_gpcc-octree-predlift_r03,2.788944036,0.177589032
Training,p58,p58_gpcc-octree-predlift_r04,4.100542129,0.135548582
Training,p58,p58_gpcc-octree-predlift_r05,4.551615868,0.116016535
Training,p58,p58_gpcc-octree-predlift_r06,4.543487173,0.111352465
Training,p58,p58_gpcc-octree-raht_r02,1.659684686,0.203289548
Training,p58,p58_gpcc-octree-raht_r03,2.906914152,0.16388959
Training,p58,p58_gpcc-octree-raht_r04,4.045772766,0.141643376
Training,p58,p58_gpcc-octree-raht_r05,4.340798749,0.133400948
Training,p58,p58_gpcc-octree-raht_r06,4.403024957,0.133736894
Training,p58,p58_vpcc_r00,2.663626127,0.173413547
Training,p58,p58_vpcc_r01,3.23201845,0.155527932
Training,p58,p58_vpcc_r02,3.961823573,0.177530112
Training,p58,p58_vpcc_r03,4.20918926,0.136356788
Training,p58,p58_vpcc_r04,4.212241478,0.150205129
Training,p58,p58_vpcc_r05,4.298564262,0.164004304
Test,p59,p59_geocnn_r01,3.028681024,0.158624597
Test,p59,p59_geocnn_r02,3.903606565,0.158723038
Test,p59,p59_geocnn_r03,3.722147917,0.17472286
Test,p59,p59_geocnn_r04,3.882077481,0.202035413
Test,p59,p59_gpcc-octree-predlift_r02,1.29697039,0.121399231
Test,p59,p59_gpcc-octree-predlift_r03,2.553241209,0.171768912
Test,p59,p59_gpcc-octree-predlift_r04,3.764816305,0.132050802
Test,p59,p59_gpcc-octree-predlift_r05,4.244827575,0.15133423
Test,p59,p59_gpcc-octree-predlift_r06,4.344014092,0.154398881
Test,p59,p59_gpcc-octree-raht_r02,1.313052822,0.143875662
Test,p59,p59_gpcc-octree-raht_r03,2.372908229,0.160563817
Test,p59,p59_gpcc-octree-raht_r04,3.551949657,0.172287193
Test,p59,p59_gpcc-octree-raht_r05,4.251386231,0.14132201
Test,p59,p59_gpcc-octree-raht_r06,4.219517736,0.129045172
Test,p59,p59_vpcc_r00,2.119839459,0.18466204
Test,p59,p59_vpcc_r01,2.711937089,0.16565191
Test,p59,p59_vpcc_r02,3.146313242,0.17202332
Test,p59,p59_vpcc_r03,3.992465395,0.16978165
Test,p59,p59_vpcc_r04,4.096196738,0.146562648
Test,p59,p59_vpcc_r05,4.197061059,0.130537284
Validation,p60,p60_geocnn_r01,2.960392441,0.168807074
Validation,p60,p60_geocnn_r02,3.580412687,0.14059846
Validation,p60,p60_geocnn_r03,3.763037565,0.151762868
Validation,p60,p60_geocnn_r04,4.019666862,0.182292678
Validation,p60,p60_gpcc-octree-predlift_r02,1.637487987,0.175472455
Validation,p60,p60_gpcc-octree-predlift_r03,2.891705732,0.150216372
Validation,p60,p60_gpcc-octree-predlift_r04,4.408562962,0.130307053
Validation,p60,p60_gpcc-octree-predlift_r05,4.377641831,0.152016031
Validation,p60,p60_gpcc-octree-predlift_r06,4.648183406,0.106965114
Validation,p60,p60_gpcc-octree-raht_r02,1.501848528,0.183371241
Validation,p60,p60_gpcc-octree-raht_r03,2.773132596,0.161127675
Validation,p60,p60_gpcc-octree-raht_r04,4.110307629,0.138367903
Validation,p60,p60_gpcc-octree-raht_r05,4.455143473,0.126489487
Validation,p60,p60_gpcc-octree-raht_r06,4.525313237,0.105789549
Validation,p60,p60_vpcc_r00,2.545480272,0.179691003
Validation,p60,p60_vpcc_r01,3.554710073,0.149148779
Validation,p60,p60_vpcc_r02,4.242311831,0.13855166
Validation,p60,p60_vpcc_r03,4.341024197,0.130914083
Validation,p60,p60_vpcc_r04,4.606787596,0.127743813
Validation,p60,p60_vpcc_r05,4.681665952,0.107227683
Test,p61,p61_geocnn_r01,3.659077522,0.160404166
Test,p61,p61_geocnn_r02,3.393526271,0.176077871
Test,p61,p61_geocnn_r03,3.78647044,0.164022031
Test,p61,p61_geocnn_r04,4.051825399,0.169718972
Test,p61,p61_gpcc-octree-predlift_r02,1.475273054,0.143872265
Test,p61,p61_gpcc-octree-predlift_r03,2.847821874,0.16416763
Test,p61,p61_gpcc-octree-predlift_r04,4.364495295,0.147160384
Test,p61,p61_gpcc-octree-predlift_r05,4.518821035,0.123487153
Test,p61,p61_gpcc-octree-predlift_r06,4.459766078,0.130259489
Test,p61,p61_gpcc-octree-raht_r02,1.273130322,0.141299658
Test,p61,p61_gpcc-octree-raht_r03,2.826136319,0.204018967
Test,p61,p61_gpcc-octree-raht_r04,4.421197401,0.121457313
Test,p61,p61_gpcc-octree-raht_r05,4.434462427,0.133529674
Test,p61,p61_gpcc-octree-raht_r06,4.529744807,0.115995338
Test,p61,p61_vpcc_r00,2.552696135,0.197588456
Test,p61,p61_vpcc_r01,3.596325096,0.149750676
Test,p61,p61_vpcc_r02,4.232167841,0.128944933
Test,p61,p61_vpcc_r03,4.397402546,0.134012259
Test,p61,p61_vpcc_r04,4.151473461,0.163514288
Test,p61,p61_vpcc_r05,4.66443254,0.0840026
Validation,p62,p62_geocnn_r01,2.825028426,0.143283446
Validation,p62,p62_geocnn_r02,3.477822996,0.137225595
Validation,p62,p62_geocnn_r03,3.895996005,0.159388406
Validation,p62,p62_geocnn_r04,3.943642731,0.157397286
Validation,p62,p62_gpcc-octree-predlift_r02,1.322724366,0.141984872
Validation,p62,p62_gpcc-octree-predlift_r03,2.68815928,0.151731649
Validation,p62,p62_gpcc-octree-predlift_r04,4.230922623,0.13807122
Validation,p62,p62_gpcc-octree-predlift_r05,4.307901083,0.137926175
Validation,p62,p62_gpcc-octree-predlift_r06,4.385568407,0.152717943
Validation,p62,p62_gpcc-octree-raht_r02,1.145550353,0.150214696
Validation,p62,p62_gpcc-octree-raht_r03,2.596899092,0.182992051
Validation,p62,p62_gpcc-octree-raht_r04,4.050095743,0.141892975
Validation,p62,p62_gpcc-octree-raht_r05,4.366421463,0.135172969
Validation,p62,p62_gpcc-octree-raht_r06,4.565675084,0.118124005
Validation,p62,p62_vpcc_r00,2.259142255,0.168079071
Validation,p62,p62_vpcc_r01,2.744764105,0.155729294
Validation,p62,p62_vpcc_r02,3.717128128,0.163712929
Validation,p62,p62_vpcc_r03,4.169321507,0.136337432
Validation,p62,p62_vpcc_r04,4.42985094,0.125138626
Validation,p62,p62_vpcc_r05,4.378187424,0.140179049
Test,p63,p63_geocnn_r01,4.231379676,0.160685078
Test,p63,p63_geocnn_r02,4.614782952,0.110919382
Test,p63,p63_geocnn_r03,4.626061496,0.13572923
Test,p63,p63_geocnn_r04,4.683181115,0.112926753
Test,p63,p63_gpcc-octree-predlift_r02,1.409194766,0.178123752
Test,p63,p63_gpcc-octree-predlift_r03,2.931192034,0.15665712
Test,p63,p63_gpcc-octree-predlift_r04,4.374067879,0.119041854
Test,p63,p63_gpcc-octree-predlift_r05,4.551565458,0.134490692
Test,p63,p63_gpcc-octree-predlift_r06,4.63208162,0.116237663
Test,p63,p63_gpcc-octree-raht_r02,1.287128172,0.142180943
Test,p63,p63_gpcc-octree-raht_r03,2.381459816,0.172315175
Test,p63,p63_gpcc-octree-raht_r04,3.908396282,0.126403541
Test,p63,p63_gpcc-octree-raht_r05,4.727982837,0.077600822
Test,p63,p63_gpcc-octree-raht_r06,4.623695817,0.114157531
Test,p63,p63_vpcc_r00,1.914588845,0.2032078
Test,p63,p63_vpcc_r01,2.344489399,0.18961362
Test,p63,p63_vpcc_r02,2.943418815,0.16051877
Test,p63,p63_vpcc_r03,4.218042945,0.135717199
Test,p63,p63_vpcc_r04,4.682696306,0.10099551
Test,p63,p63_vpcc_r05,4.679833342,0.142632102
Validation,p64,p64_geocnn_r01,3.776748018,0.167202232
Validation,p64,p64_geocnn_r02,4.447655637,0.150891765
Validation,p64,p64_geocnn_r03,4.55243417,0.125821945
Validation,p64,p64_geocnn_r04,4.60238228,0.131068741
Validation,p64,p64_gpcc-octree-predlift_r02,1.432737053,0.142340198
Validation,p64,p64_gpcc-octree-predlift_r03,3.075746926,0.168097573
Validation,p64,p64_gpcc-octree-predlift_r04,4.469924182,0.12891748
Validation,p64,p64_gpcc-octree-predlift_r05,4.474417117,0.133544478
Validation,p64,p64_gpcc-octree-predlift_r06,4.543047666,0.141646181
Validation,p64,p64_gpcc-octree-raht_r02,1.290626193,0.174569646
Validation,p64,p64_gpcc-octree-raht_r03,3.103947805,0.130648037
Validation,p64,p64_gpcc-octree-raht_r04,4.321475629,0.115653895
Validation,p64,p64_gpcc-octree-raht_r05,4.65052238,0.107181485
Validation,p64,p64_gpcc-octree-raht_r06,4.716474927,0.103266346
Validation,p64,p64_vpcc_r00,2.671021156,0.177243052
Validation,p64,p64_vpcc_r01,3.613202279,0.163996639
Validation,p64,p64_vpcc_r02,4.233213915,0.129932157
Validation,p64,p64_vpcc_r03,4.575568028,0.123223009
Validation,p64,p64_vpcc_r04,4.504893708,0.123969424
Validation,p64,p64_vpcc_r05,4.710768164,0.132853572
Training,p65,p65_geocnn_r01,3.643278302,0.183402551
Training,p65,p65_geocnn_r02,4.258069576,0.147180808
Training,p65,p65_geocnn_r03,4.618588718,0.13335052
Training,p65,p65_geocnn_r04,4.45732721,0.148313715
Training,p65,p65_gpcc-octree-predlift_r02,1.306347717,0.128197532
Training,p65,p65_gpcc-octree-predlift_r03,2.613250216,0.217002396
Training,p65,p65_gpcc-octree-predlift_r04,4.041872133,0.163325006
Training,p65,p65_gpcc-octree-predlift_r05,4.253184066,0.159492583
Training,p65,p65_gpcc-octree-predlift_r06,4.395871171,0.14729816
Training,p65,p65_gpcc-octree-raht_r02,1.129550612,0.110208528
Training,p65,p65_gpcc-octree-raht_r03,2.36512381,0.167089172
Training,p65,p65_gpcc-octree-raht_r04,4.012195419,0.170047377
Training,p65,p65_gpcc-octree-raht_r05,4.342329384,0.161574136
Training,p65,p65_gpcc-octree-raht_r06,4.462116757,0.14631733
Training,p65,p65_vpcc_r00,1.762572255,0.174671218
Training,p65,p65_vpcc_r01,2.82703473,0.181339891
Training,p65,p65_vpcc_r02,3.582078283,0.199766187
Training,p65,p65_vpcc_r03,4.298589654,0.123225278
Training,p65,p65_vpcc_r04,4.414700261,0.137810791
Training,p65,p65_vpcc_r05,4.493763308,0.135228673
Test,p66,p66_geocnn_r01,3.282988809,0.149604105
Test,p66,p66_geocnn_r02,4.240204208,0.173924481
Test,p66,p66_geocnn_r03,4.378614418,0.141793496
Test,p66,p66_geocnn_r04,4.474890628,0.136868219
Test,p66,p66_gpcc-octree-predlift_r02,1.264118519,0.113780883
Test,p66,p66_gpcc-octree-predlift_r03,3.138929965,0.152764322
Test,p66,p66_gpcc-octree-predlift_r04,4.276442139,0.137059192
Test,p66,p66_gpcc-octree-predlift_r05,4.652210567,0.090578001
Test,p66,p66_gpcc-octree-predlift_r06,4.733174021,0.114894755
Test,p66,p66_gpcc-octree-raht_r02,1.311417432,0.124712679
Test,p66,p66_gpcc-octree-raht_r03,2.760133355,0.16536933
Test,p66,p66_gpcc-octree-raht_r04,4.050416732,0.11847873
Test,p66,p66_gpcc-octree-raht_r05,4.460358755,0.112518801
Test,p66,p66_gpcc-octree-raht_r06,4.672288031,0.115805102
Test,p66,p66_vpcc_r00,1.66468534,0.151111187
Test,p66,p66_vpcc_r01,2.765893309,0.169920558
Test,p66,p66_vpcc_r02,3.466318078,0.149060988
Test,p66,p66_vpcc_r03,4.054035604,0.125481157
Test,p66,p66_vpcc_r04,4.223417414,0.135280946
Test,p66,p66_vpcc_r05,4.342792416,0.144103722
Training,p67,p67_geocnn_r01,2.874972718,0.171848252
Training,p67,p67_geocnn_r02,3.849290442,0.171565246
Training,p67,p67_geocnn_r03,4.062737173,0.137376059
Training,p67,p67_geocnn_r04,4.289547425,0.14789332
Training,p67,p67_gpcc-octree-predlift_r02,1.380175034,0.140526606
Training,p67,p67_gpcc-octree-predlift_r03,3.059535628,0.172896242
Training,p67,p67_gpcc-octree-predlift_r04,4.549355116,0.126526104
Training,p67,p67_gpcc-octree-predlift_r05,4.477685234,0.113555987
Training,p67,p67_gpcc-octree-predlift_r06,4.497375629,0.115503683
Training,p67,p67_gpcc-octree-raht_r02,1.145133668,0.165891004
Training,p67,p67_gpcc-octree-raht_r03,2.944990442,0.152438845
Training,p67,p67_gpcc-octree-raht_r04,4.295487728,0.126933271
Training,p67,p67_gpcc-octree-raht_r05,4.5391638,0.109950199
Training,p67,p67_gpcc-octree-raht_r06,4.682497969,0.10805901
Training,p67,p67_vpcc_r00,2.391726045,0.169215902
Training,p67,p67_vpcc_r01,3.440946917,0.147158436
Training,p67,p67_vpcc_r02,3.909153367,0.146210963
Training,p67,p67_vpcc_r03,4.351303534,0.156991541
Training,p67,p67_vpcc_r04,4.498156017,0.121478318
Training,p67,p67_vpcc_r05,4.460794476,0.138812354
Training,p68,p68_geocnn_r03,4.498506868,0.125041096
Training,p68,p68_geocnn_r04,4.651339326,0.105962391
Training,p68,p68_gpcc-octree-predlift_r02,1.275107362,0.137984127
Training,p68,p68_gpcc-octree-predlift_r03,3.255462294,0.168636223
Training,p68,p68_gpcc-octree-predlift_r04,4.345723406,0.141556501
Training,p68,p68_gpcc-octree-predlift_r05,4.361668898,0.145448601
Training,p68,p68_gpcc-octree-predlift_r06,4.616684275,0.118528065
Training,p68,p68_gpcc-octree-raht_r02,1.13505233,0.096709402
Training,p68,p68_gpcc-octree-raht_r03,3.576771602,0.183474961
Training,p68,p68_gpcc-octree-raht_r04,4.438555016,0.137360964
Training,p68,p68_gpcc-octree-raht_r05,4.624152716,0.111216458
Training,p68,p68_gpcc-octree-raht_r06,4.692299606,0.084021931
Training,p68,p68_vpcc_r00,2.03252592,0.156612644
Training,p68,p68_vpcc_r01,3.392602822,0.191339431
Training,p68,p68_vpcc_r02,4.027700484,0.153873288
Training,p68,p68_vpcc_r03,4.233450365,0.157564519
Training,p68,p68_vpcc_r04,4.463887286,0.117161077
Training,p68,p68_vpcc_r05,4.57383482,0.14326721
Training,p69,p69_geocnn_r01,3.833634326,0.161445288
Training,p69,p69_geocnn_r02,4.170787567,0.150843865
Training,p69,p69_geocnn_r03,4.226210011,0.141049699
Training,p69,p69_geocnn_r04,4.671893566,0.109316943
Training,p69,p69_gpcc-octree-predlift_r02,1.410270621,0.150497285
Training,p69,p69_gpcc-octree-predlift_r03,3.195681597,0.211066141
Training,p69,p69_gpcc-octree-predlift_r04,4.241368551,0.144579507
Training,p69,p69_gpcc-octree-predlift_r05,4.570485193,0.11833181
Training,p69,p69_gpcc-octree-predlift_r06,4.655660128,0.109930617
Training,p69,p69_gpcc-octree-raht_r02,1.430688888,0.189694149
Training,p69,p69_gpcc-octree-raht_r03,2.527734403,0.215787013
Training,p69,p69_gpcc-octree-raht_r04,4.013587098,0.143593785
Training,p69,p69_gpcc-octree-raht_r05,4.71609757,0.085354152
Training,p69,p69_gpcc-octree-raht_r06,4.650161543,0.125646758
Training,p69,p69_vpcc_r00,2.140081818,0.18172134
Training,p69,p69_vpcc_r01,2.770917851,0.147117439
Training,p69,p69_vpcc_r02,3.347608516,0.177856275
Training,p69,p69_vpcc_r03,4.113035234,0.16427426
Training,p69,p69_vpcc_r04,4.5641375,0.139973117
Training,p69,p69_vpcc_r05,4.488378451,0.114280088
Training,p70,p70_geocnn_r01,3.871668974,0.161975879
Training,p70,p70_geocnn_r02,4.43406935,0.125678842
Training,p70,p70_geocnn_r03,4.486516882,0.113945601
Training,p70,p70_geocnn_r04,4.296197754,0.165119814
Training,p70,p70_gpcc-octree-predlift_r02,1.180481779,0.085567078
Training,p70,p70_gpcc-octree-predlift_r03,2.630280335,0.173601135
Training,p70,p70_gpcc-octree-predlift_r04,4.211651708,0.172034275
Training,p70,p70_gpcc-octree-predlift_r05,4.481888297,0.115484383
Training,p70,p70_gpcc-octree-predlift_r06,4.493858425,0.158137639
Training,p70,p70_gpcc-octree-raht_r02,1.199409115,0.144480415
Training,p70,p70_gpcc-octree-raht_r03,2.355662536,0.157611628
Training,p70,p70_gpcc-octree-raht_r04,4.144979078,0.138225644
Training,p70,p70_gpcc-octree-raht_r05,4.467903076,0.127222761
Training,p70,p70_gpcc-octree-raht_r06,4.442222357,0.160973095
Training,p70,p70_vpcc_r00,1.591105707,0.167633059
Training,p70,p70_vpcc_r01,2.438644052,0.173912921
Training,p70,p70_vpcc_r02,3.272339742,0.160570037
Training,p70,p70_vpcc_r03,4.121896675,0.138635144
Training,p70,p70_vpcc_r04,4.378679361,0.12204959
Training,p70,p70_vpcc_r05,4.350553045,0.138084569
Validation,p71,p71_geocnn_r01,3.434044557,0.178351283
Validation,p71,p71_geocnn_r02,4.470613577,0.138242109
Validation,p71,p71_geocnn_r03,4.497787882,0.133236895
Validation,p71,p71_geocnn_r04,4.537475617,0.155337014
Validation,p71,p71_gpcc-octree-predlift_r02,1.448794458,0.184859892
Validation,p71,p71_gpcc-octree-predlift_r03,3.166313941,0.176554991
Validation,p71,p71_gpcc-octree-predlift_r04,4.273587904,0.145081494
Validation,p71,p71_gpcc-octree-predlift_r05,4.621521209,0.09202201
Validation,p71,p71_gpcc-octree-predlift_r06,4.628672986,0.128246192
Validation,p71,p71_gpcc-octree-raht_r02,1.205814864,0.133564718
Validation,p71,p71_gpcc-octree-raht_r03,2.877400005,0.162655887
Validation,p71,p71_gpcc-octree-raht_r04,4.179204515,0.160971012
Validation,p71,p71_gpcc-octree-raht_r05,4.632177508,0.120251752
Validation,p71,p71_gpcc-octree-raht_r06,4.516690949,0.133835076
Validation,p71,p71_vpcc_r00,2.050404173,0.185148356
Validation,p71,p71_vpcc_r01,2.535435619,0.218614048
Validation,p71,p71_vpcc_r02,3.432297878,0.168609217
Validation,p71,p71_vpcc_r03,3.483178962,0.171786067
Validation,p71,p71_vpcc_r04,3.894347077,0.20927931
Validation,p71,p71_vpcc_r05,4.03092381,0.164759795
Training,p72,p72_geocnn_r01,3.089644256,0.173257619
Training,p72,p72_geocnn_r02,3.490208956,0.183233285
Training,p72,p72_geocnn_r03,3.635913127,0.206566961
Training,p72,p72_geocnn_r04,4.015282102,0.141197434
Training,p72,p72_gpcc-octree-predlift_r02,1.258992429,0.127659276
Training,p72,p72_gpcc-octree-predlift_r03,2.591746993,0.178869151
Training,p72,p72_gpcc-octree-predlift_r04,4.12372481,0.12933623
Training,p72,p72_gpcc-octree-predlift_r05,4.231493233,0.135977546
Training,p72,p72_gpcc-octree-predlift_r06,4.524153853,0.160930775
Training,p72,p72_gpcc-octree-raht_r02,1.183854788,0.154764642
Training,p72,p72_gpcc-octree-raht_r03,2.633532503,0.142060377
Training,p72,p72_gpcc-octree-raht_r04,3.896266779,0.165967803
Training,p72,p72_gpcc-octree-raht_r05,4.254045623,0.140613917
Training,p72,p72_gpcc-octree-raht_r06,4.437200757,0.182655481
Training,p72,p72_vpcc_r00,1.858162501,0.178073924
Training,p72,p72_vpcc_r01,2.605488288,0.1881382
Training,p72,p72_vpcc_r02,3.393405269,0.177355485
Training,p72,p72_vpcc_r03,3.701916191,0.141933848
Training,p72,p72_vpcc_r04,4.073069575,0.156371693
Training,p72,p72_vpcc_r05,4.342173706,0.127661987
Validation,p73,p73_geocnn_r01,3.649274485,0.16139885
Validation,p73,p73_geocnn_r02,3.899932914,0.160026768
Validation,p73,p73_geocnn_r03,4.411956622,0.148650717
Validation,p73,p73_geocnn_r04,4.546684715,0.143211607
Validation,p73,p73_gpcc-octree-predlift_r02,1.42797454,0.165780823
Validation,p73,p73_gpcc-octree-predlift_r03,3.265766927,0.146549136
Validation,p73,p73_gpcc-octree-predlift_r04,4.319596144,0.148308592
Validation,p73,p73_gpcc-octree-predlift_r05,4.566920727,0.130354081
Validation,p73,p73_gpcc-octree-predlift_r06,4.556103949,0.100797221
Validation,p73,p73_gpcc-octree-raht_r02,1.315802633,0.145882579
Validation,p73,p73_gpcc-octree-raht_r03,3.332708435,0.164934972
Validation,p73,p73_gpcc-octree-raht_r04,4.321568557,0.131956508
Validation,p73,p73_gpcc-octree-raht_r05,4.574678823,0.130805139
Validation,p73,p73_gpcc-octree-raht_r06,4.553863659,0.100104437
Validation,p73,p73_vpcc_r00,2.651339738,0.170580035
Validation,p73,p73_vpcc_r01,3.545869745,0.167207936
Validation,p73,p73_vpcc_r02,4.064700916,0.154253822
Validation,p73,p73_vpcc_r03,4.288429318,0.125397058
Validation,p73,p73_vpcc_r04,4.542811561,0.136786813
Validation,p73,p73_vpcc_r05,4.590102016,0.144966231
Training,p74,p74_geocnn_r01,1.91835257,0.173766362
Training,p74,p74_geocnn_r02,3.503402544,0.168394874
Training,p74,p74_geocnn_r03,3.792132973,0.157503284
Training,p74,p74_geocnn_r04,3.774499143,0.20103727
Training,p74,p74_gpcc-octree-predlift_r02,1.173672691,0.133136199
Training,p74,p74_gpcc-octree-predlift_r03,2.196661715,0.164558149
Training,p74,p74_gpcc-octree-predlift_r04,3.71025073,0.159813078
Training,p74,p74_gpcc-octree-predlift_r05,4.034833796,0.190888724
Training,p74,p74_gpcc-octree-predlift_r06,4.166182535,0.14879489
Training,p74,p74_gpcc-octree-raht_r02,1.251558149,0.136077876
Training,p74,p74_gpcc-octree-raht_r03,2.195819896,0.156649083
Training,p74,p74_gpcc-octree-raht_r04,3.808724067,0.182631383
Training,p74,p74_gpcc-octree-raht_r05,4.072715324,0.147325915
Training,p74,p74_gpcc-octree-raht_r06,4.035181494,0.166691951
Training,p74,p74_vpcc_r00,2.379901146,0.173524064
Training,p74,p74_vpcc_r01,3.116440048,0.151176956
Training,p74,p74_vpcc_r02,3.988929681,0.146017461
Training,p74,p74_vpcc_r03,4.070927011,0.147401258
Training,p74,p74_vpcc_r04,4.011737883,0.166955629
Training,p74,p74_vpcc_r05,4.180545074,0.149408231
Training,p75,p75_geocnn_r01,2.533589959,0.168145141
Training,p75,p75_geocnn_r02,3.340161656,0.184297963
Training,p75,p75_geocnn_r03,3.524951438,0.167983986
Training,p75,p75_geocnn_r04,4.046083483,0.177943819
Training,p75,p75_gpcc-octree-predlift_r02,1.334273339,0.141281073
Training,p75,p75_gpcc-octree-predlift_r03,2.927060718,0.173025592
Training,p75,p75_gpcc-octree-predlift_r04,4.158367716,0.183168231
Training,p75,p75_gpcc-octree-predlift_r05,4.402113156,0.11931919
Training,p75,p75_gpcc-octree-predlift_r06,4.182528889,0.142131235
Training,p75,p75_gpcc-octree-raht_r02,1.315228544,0.185092788
Training,p75,p75_gpcc-octree-raht_r03,2.616288413,0.192100604
Training,p75,p75_gpcc-octree-raht_r04,4.225282671,0.148239684
Training,p75,p75_gpcc-octree-raht_r05,4.354703905,0.149756524
Training,p75,p75_gpcc-octree-raht_r06,4.131080109,0.155323613
Training,p75,p75_vpcc_r00,2.002676094,0.184862609
Training,p75,p75_vpcc_r01,3.329829155,0.177293203
Training,p75,p75_vpcc_r02,3.620569436,0.171886348
Training,p75,p75_vpcc_r03,4.004614957,0.146161112
Training,p75,p75_vpcc_r04,3.97019618,0.181318435
Training,p75,p75_vpcc_r05,3.768443494,0.16350213
